Hour,Solar (MW),Charge (MW),Discharge (MW),SOC (MWh),Energy Served (MW)
0,0.013406892294492575,0.0,99.986593,595.76543,100.0
1,51.27380079485877,51.2738,100.0,530.80074,100.0
2,132.1120230842254,132.11202,100.0,538.59045,100.0
3,201.48732925920083,201.48733,100.0,608.81793,100.0
4,250.76224348873205,250.76224,100.0,723.39284,100.0
5,275.67161252273996,264.51431,88.842703,862.7416,100.0
6,274.25431521507863,263.80566,89.551352,1000.6652,100.0
7,246.6189116952158,246.61891,100.0,1111.5111,100.0
8,194.95121005845363,194.95121,100.0,1175.8561,100.0
9,123.80929609168811,51.063126,27.253831,1191.5309,100.0
10,42.78954919467634,0.0,57.210451,1127.9637,100.0
11,0.0,0.0,100.0,1016.8526,100.0
12,0.0,0.0,100.0,905.74147,100.0
13,0.0,0.0,100.0,794.63036,100.0
14,0.0,0.0,100.0,683.51925,100.0
15,0.0,0.0,100.0,572.40814,100.0
16,0.0,0.0,100.0,461.29702,100.0
17,0.0,0.0,100.0,350.18591,100.0
18,0.0,0.0,100.0,239.0748,100.0
19,0.0,0.0,100.0,127.96369,100.0
20,0.0,0.0,60.61438,60.61438,60.61438
21,0.0,0.0,28.712075,28.712075,28.712075
22,0.0,0.0,13.600457,13.600457,13.600457
23,0.0,0.0,6.4423215,6.4423215,6.4423215
24,0.008960442042016943,0.0,0.0,6.4423215,0.0089604419
25,51.01867568782961,0.0,3.051626,3.051626,54.070301
26,132.01377660366856,32.013775,0.0,31.864024,100.0
27,201.59404184942932,101.59404,0.0,123.29866,100.0
28,251.0910491080866,151.09105,0.0,259.2806,100.0
29,276.2238624008708,176.22386,0.0,417.88207,100.0
30,275.0155819895144,175.01558,0.0,575.3961,100.0
31,247.55847002313283,147.55847,0.0,708.19872,100.0
32,196.02031700475666,96.020315,0.0,794.617,100.0
33,124.93046490196852,24.930464,0.0,817.05442,100.0
34,43.76708621307659,0.0,56.232914,754.5734,100.0
35,0.0,0.0,100.0,643.46229,100.0
36,0.0,0.0,100.0,532.35118,100.0
37,0.0,0.0,100.0,421.24007,100.0
38,0.0,0.0,100.0,310.12896,100.0
39,0.0,0.0,100.0,199.01784,100.0
40,0.0,0.0,94.271611,94.271611,94.271611
41,0.0,0.0,44.654974,44.654974,44.654974
42,0.0,0.0,0.0,44.654974,0.0
43,0.0,0.0,21.152356,21.152356,21.152356
44,0.0,0.0,10.019537,10.019537,10.019537
45,0.0,0.0,4.7460965,4.7460965,4.7460965
46,0.0,0.0,2.248151,2.248151,2.248151
47,0.0,0.0,1.0649136,1.0649136,1.0649136
48,0.005411226861799217,0.0,0.0,1.0649136,0.0054112268
49,50.79244357533261,0.0,0.50443276,0.50443276,51.296876
50,131.95034657042683,31.950345,0.0,29.259743,100.0
51,201.7376552495875,101.73765,0.0,120.82363,100.0
52,251.4570382840374,151.45704,0.0,257.13496,100.0
53,276.81216126046377,176.81216,0.0,416.26591,100.0
54,275.8105467331065,175.81054,0.0,574.49539,100.0
55,248.52837690265366,148.52837,0.0,708.17093,100.0
56,197.11571210556627,97.11571,0.0,795.57507,100.0
57,126.07362566204763,26.073624,0.0,819.04133,100.0
58,44.764227058414214,0.0,55.235773,757.66825,100.0
59,0.0,0.0,100.0,646.55714,100.0
60,0.0,0.0,100.0,535.44603,100.0
61,0.0,0.0,100.0,424.33492,100.0
62,0.0,0.0,100.0,313.22381,100.0
63,0.0,0.0,100.0,202.11269,100.0
64,0.0,0.0,95.737592,95.737592,95.737592
65,0.0,0.0,45.349386,45.349386,45.349386
66,0.0,0.0,21.481288,21.481288,21.481288
67,0.0,0.0,0.0,21.481288,0.0
68,0.0,0.0,10.175347,10.175347,10.175347
69,0.0,0.0,4.8199012,4.8199012,4.8199012
70,0.0,0.0,2.2831111,2.2831111,2.2831111
71,0.0,0.0,1.0814737,1.0814737,1.0814737
72,0.0025873922550796995,0.0,0.0,1.0814737,0.0025873922
73,50.595434534444856,0.0,0.512277,0.512277,51.107711
74,131.92198967737136,31.921988,0.0,29.242066,100.0
75,201.91824061790987,101.91824,0.0,120.96848,100.0
76,251.86007956893943,151.86008,0.0,257.64255,100.0
77,277.4361793282988,177.43618,0.0,417.33511,100.0
78,276.6387011424105,176.6387,0.0,576.30994,100.0
79,249.5279796446303,149.52798,0.0,710.88512,100.0
80,198.23664737383902,98.236645,0.0,799.2981,100.0
81,127.23800747410183,27.238006,0.0,823.8123,100.0
82,45.78033899990271,0.0,54.219662,763.56823,100.0
83,0.0,0.0,100.0,652.45712,100.0
84,0.0,0.0,100.0,541.34601,100.0
85,0.0,0.0,100.0,430.2349,100.0
86,0.0,0.0,100.0,319.12379,100.0
87,0.0,0.0,100.0,208.01268,100.0
88,0.0,0.0,98.532321,98.532321,98.532321
89,0.0,0.0,46.673205,46.673205,46.673205
90,0.0,0.0,22.10836,22.10836,22.10836
91,0.0,0.0,10.472381,10.472381,10.472381
92,0.0,0.0,4.9606016,4.9606016,4.9606016
93,0.0,0.0,2.3497586,2.3497586,2.3497586
94,0.0,0.0,1.1130436,1.1130436,1.1130436
95,0.0,0.0,0.52723116,0.52723116,0.52723116
96,0.0003464384397496467,0.0,0.0,0.52723116,0.00034643844
97,50.42796059009056,0.0,0.24974108,0.24974108,50.677701
98,131.92893265476118,31.928931,0.0,28.985779,100.0
99,202.13583658988384,102.13583,0.0,120.90803,100.0
100,252.30000971071635,152.30001,0.0,257.97804,100.0
101,278.0955579196063,178.09555,0.0,418.26404,100.0
102,277.4995125095922,177.49951,0.0,578.01359,100.0
103,250.55660676867274,150.5566,0.0,713.51454,100.0
104,199.382361983772,99.38236,0.0,802.95866,100.0
105,128.42283115268097,28.42283,0.0,828.53921,100.0
106,46.81477221696426,0.0,53.185228,769.44451,100.0
107,0.0,0.0,100.0,658.3334,100.0
108,0.0,0.0,100.0,547.22229,100.0
109,0.0,0.0,100.0,436.11118,100.0
110,0.0,0.0,100.0,325.00007,100.0
111,0.0,0.0,100.0,213.88895,100.0
112,0.0,0.0,0.0,213.88895,0.0
113,0.0,0.0,100.0,102.77784,100.0
114,0.0,0.0,48.684242,48.684242,48.684242
115,0.0,0.0,23.060957,23.060957,23.060957
116,0.0,0.0,10.923611,10.923611,10.923611
117,0.0,0.0,5.174342,5.174342,5.174342
118,0.0,0.0,2.4510041,2.4510041,2.4510041
119,0.0,0.0,1.161002,1.161002,1.161002
120,0.0,0.0,0.54994829,0.54994829,0.54994829
121,50.29032027329439,0.0,0.26050182,0.26050182,50.550822
122,131.9713763880537,31.971375,0.0,29.034739,100.0
123,202.39045278299415,102.39045,0.0,121.18614,100.0
124,252.7766364060666,152.77663,0.0,258.68511,100.0
125,278.7899112646899,178.78991,0.0,419.59603,100.0
126,278.3924245599201,178.39242,0.0,580.14921,100.0
127,251.61356784553595,151.61357,0.0,716.60142,100.0
128,200.5520812572852,100.55208,0.0,807.09829,100.0
129,129.62730750456194,29.627306,0.0,833.76287,100.0
130,47.866858499155164,0.0,52.133142,775.83715,100.0
131,0.0,0.0,100.0,664.72604,100.0
132,0.0,0.0,100.0,553.61493,100.0
133,0.0,0.0,100.0,442.50382,100.0
134,0.0,0.0,100.0,331.39271,100.0
135,0.0,0.0,100.0,220.2816,100.0
136,0.0,0.0,100.0,109.17049,100.0
137,0.0,0.0,51.712336,51.712336,51.712336
138,0.0,0.0,24.495317,24.495317,24.495317
139,0.0,0.0,11.603045,11.603045,11.603045
140,0.0,0.0,5.4961791,5.4961791,5.4961791
141,0.0,0.0,2.6034533,2.6034533,2.6034533
142,0.0,0.0,1.2332147,1.2332147,1.2332147
143,0.0,0.0,0.58415434,0.58415434,0.58415434
144,0.0,0.0,0.27670469,0.27670469,0.27670469
145,50.182801538878486,0.0,0.13107064,0.13107064,50.313872
146,132.04949839471124,32.049497,0.0,28.975618,100.0
147,202.68207206877167,102.68207,0.0,121.38948,100.0
148,253.28974017851178,153.28974,0.0,259.35024,100.0
149,279.5188279398763,179.51882,0.0,420.91719,100.0
150,279.31685838948084,179.31686,0.0,582.30236,100.0
151,252.6981539537171,152.69815,0.0,719.73069,100.0
152,201.74501661591205,101.74501,0.0,811.30121,100.0
153,130.85063695913001,30.850635,0.0,839.06678,100.0
154,48.93591125699111,0.0,51.064089,782.3289,100.0
155,0.0,0.0,100.0,671.21779,100.0
156,0.0,0.0,100.0,560.10668,100.0
157,0.0,0.0,100.0,448.99557,100.0
158,0.0,0.0,100.0,337.88446,100.0
159,0.0,0.0,100.0,226.77334,100.0
160,0.0,0.0,100.0,115.66223,100.0
161,0.0,0.0,54.787374,54.787374,54.787374
162,0.0,0.0,25.951914,25.951914,25.951914
163,0.0,0.0,0.0,25.951914,0.0
164,0.0,0.0,12.293012,12.293012,12.293012
165,0.0,0.0,5.8230056,5.8230056,5.8230056
166,0.0,0.0,2.7582658,2.7582658,2.7582658
167,0.0,0.0,1.306547,1.306547,1.306547
168,0.0,0.0,0.61889067,0.61889067,0.61889067
169,50.1056830679872,0.0,0.29315874,0.29315874,50.398841
170,132.16345381963566,32.163452,0.0,29.240266,100.0
171,203.0106515470444,103.01065,0.0,121.94985,100.0
172,253.83907536543984,153.83907,0.0,260.40502,100.0
173,280.2818718018303,180.28187,0.0,422.6587,100.0
174,280.2722133242527,180.27221,0.0,584.90369,100.0
175,253.8096384280041,153.80964,0.0,723.33236,100.0
176,202.96036626627142,102.96036,0.0,815.99669,100.0
177,132.092010145507,32.092009,0.0,844.87949,100.0
178,50.021226641408106,0.0,49.978774,789.34752,100.0
179,0.0,0.0,100.0,678.23641,100.0
180,0.0,0.0,100.0,567.1253,100.0
181,0.0,0.0,100.0,456.01419,100.0
182,0.0,0.0,100.0,344.90308,100.0
183,0.0,0.0,100.0,233.79197,100.0
184,0.0,0.0,100.0,122.68086,100.0
185,0.0,0.0,58.111985,58.111985,58.111985
186,0.0,0.0,27.52673,27.52673,27.52673
187,0.0,0.0,13.038977,13.038977,13.038977
188,0.0,0.0,0.0,13.038977,0.0
189,0.0,0.0,6.1763576,6.1763576,6.1763576
190,0.0,0.0,2.9256431,2.9256431,2.9256431
191,0.0,0.0,1.3858309,1.3858309,1.3858309
192,0.0,0.0,0.65644623,0.65644623,0.65644623
193,50.059234352038175,0.0,0.31094821,0.31094821,50.370182
194,132.3133751510518,32.313374,0.0,29.392985,100.0
195,203.37612246110365,103.37612,0.0,122.43149,100.0
196,254.42437022420725,154.42437,0.0,261.41342,100.0
197,281.07858231963024,181.07858,0.0,424.38414,100.0
198,281.2578674586461,181.25786,0.0,587.51622,100.0
199,254.94727759280963,154.94727,0.0,726.96877,100.0
200,204.19731604391328,104.19731,0.0,820.74635,100.0
201,133.35060889810336,33.350607,0.0,850.7619,100.0
202,51.12208512556851,0.0,48.877915,796.4531,100.0
203,0.0,0.0,100.0,685.34199,100.0
204,0.0,0.0,100.0,574.23088,100.0
205,0.0,0.0,100.0,463.11977,100.0
206,0.0,0.0,100.0,352.00866,100.0
207,0.0,0.0,100.0,240.89755,100.0
208,0.0,0.0,100.0,129.78644,100.0
209,0.0,0.0,61.477786,61.477786,61.477786
210,0.0,0.0,29.121057,29.121057,29.121057
211,0.0,0.0,0.0,29.121057,0.0
212,0.0,0.0,13.794185,13.794185,13.794185
213,0.0,0.0,6.5340875,6.5340875,6.5340875
214,0.0,0.0,3.0950941,3.0950941,3.0950941
215,0.0,0.0,1.4660972,1.4660972,1.4660972
216,0.0,0.0,0.69446709,0.69446709,0.69446709
217,50.04371491705566,0.0,0.3289581,0.3289581,50.372672
218,132.49937115399806,32.49937,0.0,29.578391,100.0
219,203.7783893487914,103.77839,0.0,122.97894,100.0
220,255.04532640334614,155.04532,0.0,262.51973,100.0
221,281.9084743518234,181.90847,0.0,426.23735,100.0
222,282.2731777465832,182.27317,0.0,590.28321,100.0
223,256.1103111280347,156.11031,0.0,730.78249,100.0
224,205.45504005137232,105.45504,0.0,825.69202,100.0
225,134.62560708513533,34.625606,0.0,856.85507,100.0
226,52.2377530906196,0.0,47.762247,803.7859,100.0
227,0.005360027046700833,0.0,0.0,803.7859,0.005360027
228,0.0,0.0,100.0,692.67479,100.0
229,0.0,0.0,100.0,581.56368,100.0
230,0.0,0.0,100.0,470.45257,100.0
231,0.0,0.0,100.0,359.34146,100.0
232,0.0,0.0,100.0,248.23035,100.0
233,0.0,0.0,100.0,137.11924,100.0
234,0.0,0.0,64.951218,64.951218,64.951218
235,0.0,0.0,30.766366,30.766366,30.766366
236,0.0,0.0,14.573542,14.573542,14.573542
237,0.0,0.0,6.9032567,6.9032567,6.9032567
238,0.0,0.0,3.2699637,3.2699637,3.2699637
239,0.0,0.0,1.5489302,1.5489302,1.5489302
240,0.0,0.0,0.73370377,0.73370377,0.73370377
241,50.05937347399358,0.0,0.34754389,0.34754389,50.406917
242,132.72152565509336,32.721524,0.0,29.796916,100.0
243,204.21732900930857,104.21733,0.0,123.59251,100.0
244,255.70161810230078,155.70162,0.0,263.72396,100.0
245,282.7710375419775,182.77103,0.0,428.21789,100.0
246,283.31747960293063,183.31748,0.0,593.20362,100.0
247,257.29796186581854,157.29796,0.0,734.77179,100.0
248,206.73270059361053,106.7327,0.0,830.83121,100.0
249,135.91617074802477,35.916169,0.0,863.15577,100.0
250,53.36748368834364,0.0,46.632517,811.34186,100.0
251,0.014991777428411608,0.0,0.0,811.34186,0.014991777
252,0.0,0.0,100.0,700.23075,100.0
253,0.0,0.0,100.0,589.11964,100.0
254,0.0,0.0,100.0,478.00853,100.0
255,0.0,0.0,100.0,366.89741,100.0
256,0.0,0.0,100.0,255.7863,100.0
257,0.0,0.0,0.0,255.7863,0.0
258,0.0,0.0,100.0,144.67519,100.0
259,0.0,0.0,68.530354,68.530354,68.530354
260,0.0,0.0,32.461747,32.461747,32.461747
261,0.0,0.0,15.376617,15.376617,15.376617
262,0.0,0.0,7.2836606,7.2836606,7.2836606
263,0.0,0.0,3.450155,3.450155,3.450155
264,0.0,0.0,1.634284,1.634284,1.634284
265,50.10644764073036,0.0,0.77413451,0.77413451,50.880582
266,132.97989699609585,32.979896,0.0,30.45604,100.0
267,204.69278991768098,104.69279,0.0,124.67955,100.0
268,256.39289146341423,156.39289,0.0,265.43315,100.0
269,283.66573561344023,183.66573,0.0,430.73231,100.0
270,284.39008608845126,184.39008,0.0,596.68338,100.0
271,258.50943483361186,158.50943,0.0,739.34187,100.0
272,208.02944710332486,108.02944,0.0,836.56837,100.0
273,137.22145694557503,37.221455,0.0,870.06768,100.0
274,54.51051645361839,0.0,45.489484,819.52381,100.0
275,0.029275656833597844,0.0,0.0,819.52381,0.029275657
276,0.0,0.0,100.0,708.4127,100.0
277,0.0,0.0,100.0,597.30159,100.0
278,0.0,0.0,100.0,486.19048,100.0
279,0.0,0.0,100.0,375.07937,100.0
280,0.0,0.0,100.0,263.96825,100.0
281,0.0,0.0,0.0,263.96825,0.0
282,0.0,0.0,0.0,263.96825,0.0
283,0.0,0.0,100.0,152.85714,100.0
284,0.0,0.0,72.406016,72.406016,72.406016
285,0.0,0.0,34.297586,34.297586,34.297586
286,0.0,0.0,16.246225,16.246225,16.246225
287,0.0,0.0,7.6955803,7.6955803,7.6955803
288,0.0,0.0,3.6452749,3.6452749,3.6452749
289,50.1851649033905,0.0,1.7267092,1.7267092,51.911873
290,133.2745186678492,33.274517,0.0,31.673775,100.0
291,205.2045926027479,105.20459,0.0,126.35791,100.0
292,257.11876449297915,157.11876,0.0,267.76479,100.0
293,284.59200577052,184.592,0.0,433.89759,100.0
294,285.49028672534433,185.49028,0.0,600.83885,100.0
295,259.7439154929347,159.74391,0.0,744.60837,100.0
296,209.34441384262948,109.34441,0.0,843.01834,100.0
297,138.54061114829358,38.54061,0.0,877.70489,100.0
298,55.666075293823354,0.0,44.333925,828.44497,100.0
299,0.049492239884412155,0.0,0.0,828.44497,0.049492239
300,0.0,0.0,100.0,717.33386,100.0
301,0.0,0.0,100.0,606.22275,100.0
302,0.0,0.0,100.0,495.11164,100.0
303,0.0,0.0,100.0,384.00053,100.0
304,0.0,0.0,100.0,272.88942,100.0
305,0.0,0.0,55.600475,211.11111,55.600475
306,0.0,0.0,100.0,100.0,100.0
307,0.0,0.0,47.368421,47.368421,47.368421
308,0.0,0.0,22.437673,22.437673,22.437673
309,0.0,0.0,10.628371,10.628371,10.628371
310,0.0,0.0,5.0344918,5.0344918,5.0344918
311,0.0,0.0,2.3847593,2.3847593,2.3847593
312,0.0,0.0,1.1296228,1.1296228,1.1296228
313,50.295744771654256,0.0,0.53508449,0.53508449,50.830829
314,133.6054012084102,33.6054,0.0,30.779944,100.0
315,205.7525309020686,105.75253,0.0,125.95722,100.0
316,257.8788275086492,157.87882,0.0,268.04816,100.0
317,285.54925816365153,185.54925,0.0,435.04249,100.0
318,286.6173459267484,186.61734,0.0,602.9981,100.0
319,261.0005671454828,161.00056,0.0,747.89861,100.0
320,210.67671643519256,110.67671,0.0,847.50765,100.0
321,139.87276312729145,39.872762,0.0,883.39314,100.0
322,56.83336495864221,0.0,43.166636,835.43021,100.0
323,0.07706160221533107,0.0,0.0,835.43021,0.077061601
324,0.0,0.0,100.0,724.3191,100.0
325,0.0,0.0,100.0,613.20799,100.0
326,0.0,0.0,100.0,502.09687,100.0
327,0.0,0.0,100.0,390.98576,100.0
328,0.0,0.0,100.0,279.87465,100.0
329,0.0,0.0,100.0,168.76354,100.0
330,0.0,0.0,79.940625,79.940625,79.940625
331,0.0,0.0,37.866612,37.866612,37.866612
332,0.0,0.0,0.0,37.866612,0.0
333,0.0,0.0,17.936816,17.936816,17.936816
334,0.0,0.0,8.4963865,8.4963865,8.4963865
335,0.0,0.0,4.0246042,4.0246042,4.0246042
336,0.0,0.0,1.9063914,1.9063914,1.9063914
337,50.438401571026006,0.0,0.90302752,0.90302752,51.341429
338,133.97253459379215,33.972533,0.0,31.478307,100.0
339,206.33637356066984,106.33637,0.0,127.18104,100.0
340,258.67264357534424,158.67264,0.0,269.98642,100.0
341,286.53687504159797,186.53687,0.0,437.8696,100.0
342,287.7705008240769,187.7705,0.0,606.86305,100.0
343,262.2785275139028,162.27852,0.0,752.91372,100.0
344,212.02544734377875,112.02544,0.0,853.73662,100.0
345,141.21702174735103,41.21702,0.0,890.83194,100.0
346,58.01156630087717,0.0,41.988434,844.17813,100.0
347,0.11351180384077893,0.0,0.0,844.17813,0.1135118
348,0.0,0.0,100.0,733.06701,100.0
349,0.0,0.0,100.0,621.9559,100.0
350,0.0,0.0,100.0,510.84479,100.0
351,0.0,0.0,100.0,399.73368,100.0
352,0.0,0.0,100.0,288.62257,100.0
353,0.0,0.0,100.0,177.51146,100.0
354,0.0,0.0,0.0,177.51146,0.0
355,0.0,0.0,84.084375,84.084375,84.084375
356,0.0,0.0,39.829441,39.829441,39.829441
357,0.0,0.0,18.866577,18.866577,18.866577
358,0.0,0.0,8.9367998,8.9367998,8.9367998
359,0.0,0.0,4.2332209,4.2332209,4.2332209
360,0.0,0.0,2.0052099,2.0052099,2.0052099
361,50.514230747934704,0.0,0.94983628,0.94983628,51.464066
362,134.2393288920338,34.239327,0.0,31.765231,100.0
363,206.8055184489437,106.80552,0.0,127.8902,100.0
364,259.34318406117626,159.34318,0.0,271.29906,100.0
365,287.3950624537824,187.39506,0.0,439.95461,100.0
366,288.7896935172599,188.78969,0.0,609.86533,100.0
367,263.41993841041926,163.41994,0.0,756.94327,100.0
368,213.23844038755396,113.23844,0.0,858.85787,100.0
369,142.43387932552633,42.433878,0.0,897.04836,100.0
370,59.09443415539336,0.0,40.905567,851.59773,100.0
371,0.1585912987983147,0.0,0.0,851.59773,0.1585913
372,0.0,0.0,100.0,740.48662,100.0
373,0.0,0.0,100.0,629.37551,100.0
374,0.0,0.0,100.0,518.2644,100.0
375,0.0,0.0,100.0,407.15329,100.0
376,0.0,0.0,100.0,296.04217,100.0
377,0.0,0.0,100.0,184.93106,100.0
378,0.0,0.0,0.0,184.93106,0.0
379,0.0,0.0,87.598925,87.598925,87.598925
380,0.0,0.0,41.494227,41.494227,41.494227
381,0.0,0.0,0.0,41.494227,0.0
382,0.0,0.0,19.65516,19.65516,19.65516
383,0.0,0.0,9.3103391,9.3103391,9.3103391
384,0.0,0.0,4.4101606,4.4101606,4.4101606
385,50.523120321593844,0.0,2.0890235,2.0890235,52.612143
386,134.40546626612235,34.405465,0.0,33.053942,100.0
387,207.15945617828393,107.15945,0.0,129.49745,100.0
388,259.8897392740096,159.88974,0.0,273.39821,100.0
389,288.1229140186251,188.12291,0.0,442.70883,100.0
390,289.6738322740055,189.67383,0.0,613.41528,100.0
391,264.42352915948067,164.42353,0.0,761.39645,100.0
392,214.31421677457334,114.31421,0.0,864.27925,100.0
393,143.52147868635598,43.521477,0.0,903.44857,100.0
394,60.07882774149081,0.0,39.921173,859.09172,100.0
395,0.2122805926733629,0.0,0.0,859.09172,0.21228059
396,0.0,0.0,100.0,747.9806,100.0
397,0.0,0.0,100.0,636.86949,100.0
398,0.0,0.0,100.0,525.75838,100.0
399,0.0,0.0,100.0,414.64727,100.0
400,0.0,0.0,100.0,303.53616,100.0
401,0.0,0.0,100.0,192.42505,100.0
402,0.0,0.0,91.148708,91.148708,91.148708
403,0.0,0.0,43.175704,43.175704,43.175704
404,0.0,0.0,0.0,43.175704,0.0
405,0.0,0.0,0.0,43.175704,0.0
406,0.0,0.0,20.451649,20.451649,20.451649
407,0.0,0.0,9.6876232,9.6876232,9.6876232
408,0.0,0.0,4.5888742,4.5888742,4.5888742
409,50.564167359954446,0.0,2.1736772,2.1736772,52.737844
410,134.60731738833485,34.607316,0.0,33.320262,100.0
411,207.54813890064216,107.54814,0.0,130.11358,100.0
412,260.46827316512986,160.46827,0.0,274.53503,100.0
413,288.87878675157174,188.87878,0.0,444.52593,100.0
414,290.58123151055554,190.58123,0.0,616.04904,100.0
415,265.445189869456,165.44519,0.0,764.94971,100.0
416,215.40283503664133,115.40283,0.0,868.81226,100.0
417,144.617132543889,44.617131,0.0,908.96767,100.0
418,61.06851965916835,0.0,38.931481,865.71047,100.0
419,0.27705929783658567,0.0,0.0,865.71047,0.27705929
420,0.0,0.0,100.0,754.59936,100.0
421,0.0,0.0,100.0,643.48825,100.0
422,0.0,0.0,100.0,532.37714,100.0
423,0.0,0.0,100.0,421.26603,100.0
424,0.0,0.0,100.0,310.15492,100.0
425,0.0,0.0,100.0,199.04381,100.0
426,0.0,0.0,94.283908,94.283908,94.283908
427,0.0,0.0,44.660799,44.660799,44.660799
428,0.0,0.0,21.155115,21.155115,21.155115
429,0.0,0.0,0.0,21.155115,0.0
430,0.0,0.0,10.020844,10.020844,10.020844
431,0.0,0.0,4.7467156,4.7467156,4.7467156
432,0.0,0.0,2.2484442,2.2484442,2.2484442
433,50.6374390950162,0.0,1.0650525,1.0650525,51.702491
434,134.8447617776381,34.84476,0.0,32.425337,100.0
435,207.97122531580393,107.97122,0.0,129.59944,100.0
436,261.0782302214702,161.07823,0.0,274.56984,100.0
437,289.66193541821394,189.66193,0.0,445.26558,100.0
438,291.51099492283174,191.51099,0.0,617.62547,100.0
439,266.4839235205504,166.48392,0.0,767.461,100.0
440,216.50325745163596,116.50326,0.0,872.31393,100.0
441,145.71983267610713,45.719831,0.0,913.46178,100.0
442,62.06261219545296,0.0,37.937388,871.30913,100.0
443,0.35394419297574115,0.0,0.0,871.30913,0.35394419
444,0.0,0.0,100.0,760.19801,100.0
445,0.0,0.0,100.0,649.0869,100.0
446,0.0,0.0,100.0,537.97579,100.0
447,0.0,0.0,100.0,426.86468,100.0
448,0.0,0.0,100.0,315.75357,100.0
449,0.0,0.0,100.0,204.64246,100.0
450,0.0,0.0,96.935902,96.935902,96.935902
451,0.0,0.0,0.0,96.935902,0.0
452,0.0,0.0,45.917006,45.917006,45.917006
453,0.0,0.0,21.750161,21.750161,21.750161
454,0.0,0.0,10.302708,10.302708,10.302708
455,0.0,0.0,4.88023,4.88023,4.88023
456,0.0,0.0,2.3116879,2.3116879,2.3116879
457,50.74300798651915,0.0,1.09501,1.09501,51.838017
458,135.11766890820482,35.117667,0.0,32.700911,100.0
459,208.4283572183437,108.42835,0.0,130.28643,100.0
460,261.7190327442263,161.71903,0.0,275.83356,100.0
461,290.4715884069605,190.47159,0.0,447.25798,100.0
462,292.4621968597849,192.46219,0.0,620.47396,100.0
463,267.5387020923898,167.5387,0.0,771.25879,100.0
464,217.61441499940642,117.61441,0.0,877.11176,100.0
465,146.82854026078166,46.828539,0.0,919.25744,100.0
466,63.060176579798764,0.0,36.939824,878.21319,100.0
467,0.4438443757321341,0.0,0.0,878.21319,0.44384437
468,0.0,0.0,100.0,767.10208,100.0
469,0.0,0.0,100.0,655.99097,100.0
470,0.0,0.0,100.0,544.87986,100.0
471,0.0,0.0,100.0,433.76875,100.0
472,0.0,0.0,100.0,322.65764,100.0
473,0.0,0.0,100.0,211.54653,100.0
474,0.0,0.0,100.0,100.43542,100.0
475,0.0,0.0,47.574671,47.574671,47.574671
476,0.0,0.0,22.53537,22.53537,22.53537
477,0.0,0.0,10.674649,10.674649,10.674649
478,0.0,0.0,5.0564128,5.0564128,5.0564128
479,0.0,0.0,2.3951429,2.3951429,2.3951429
480,0.0,0.0,1.1345414,1.1345414,1.1345414
481,50.88095161263646,0.0,0.53741433,0.53741433,51.418365
482,135.42589949046794,35.425898,0.0,32.420723,100.0
483,208.91916255359334,108.91916,0.0,130.44797,100.0
484,262.39008574303074,162.39008,0.0,276.59904,100.0
485,291.30695448327,191.30695,0.0,448.7753,100.0
486,293.4338907567173,193.43389,0.0,622.8658,100.0
487,268.60847642108126,168.60847,0.0,774.61342,100.0
488,218.73521820632888,118.73522,0.0,881.47512,100.0
489,147.94219717611145,47.942196,0.0,924.62309,100.0
490,64.06026360725625,0.0,35.939737,884.69005,100.0
491,0.5475390022288054,0.0,6.221046,877.77778,6.768585
492,0.0,0.0,100.0,766.66667,100.0
493,0.0,0.0,100.0,655.55556,100.0
494,0.0,0.0,100.0,544.44444,100.0
495,0.0,0.0,100.0,433.33333,100.0
496,0.0,0.0,100.0,322.22222,100.0
497,0.0,0.0,100.0,211.11111,100.0
498,0.0,0.0,0.0,211.11111,0.0
499,0.0,0.0,100.0,100.0,100.0
500,0.0,0.0,47.368421,47.368421,47.368421
501,0.0,0.0,22.437673,22.437673,22.437673
502,0.0,0.0,10.628371,10.628371,10.628371
503,0.0,0.0,5.0344918,5.0344918,5.0344918
504,0.0,0.0,2.3847593,2.3847593,2.3847593
505,51.05134870676439,0.0,1.1296228,1.1296228,52.180971
506,135.76930319609127,35.769302,0.0,33.321994,100.0
507,209.4432556879031,109.44325,0.0,131.82092,100.0
508,263.0907801520241,163.09078,0.0,278.60262,100.0
509,292.1672290172055,192.16723,0.0,451.55312,100.0
510,294.4251183011147,194.42512,0.0,626.53573,100.0
511,269.69218796049006,169.69218,0.0,779.25869,100.0
512,219.8645709729155,119.86457,0.0,887.13681,100.0
513,149.0597410272668,49.059739,0.0,931.29057,100.0
514,65.06191845578395,0.0,34.938082,892.47048,100.0
515,0.6656614998341854,0.0,99.334339,782.09899,100.0
516,0.0,0.0,100.0,670.98788,100.0
517,0.0,0.0,100.0,559.87677,100.0
518,0.0,0.0,100.0,448.76566,100.0
519,0.0,0.0,100.0,337.65455,100.0
520,0.0,0.0,100.0,226.54344,100.0
521,0.0,0.0,100.0,115.43233,100.0
522,0.0,0.0,0.0,115.43233,0.0
523,0.0,0.0,54.678471,54.678471,54.678471
524,0.0,0.0,25.900328,25.900328,25.900328
525,0.0,0.0,12.268576,12.268576,12.268576
526,0.0,0.0,5.811431,5.811431,5.811431
527,0.0,0.0,2.7527831,2.7527831,2.7527831
528,0.0,0.0,1.3039499,1.3039499,1.3039499
529,51.2542704127134,0.0,0.61766047,0.61766047,51.87193
530,136.14771114269882,36.14771,0.0,33.150599,100.0
531,210.00023275952378,110.00023,0.0,132.15081,100.0
532,263.8204916168958,163.82049,0.0,279.58925,100.0
533,293.05159654055615,193.05159,0.0,453.33568,100.0
534,295.43491574055497,195.43491,0.0,629.2271,100.0
535,270.78877858597764,170.78878,0.0,782.937,100.0
536,221.0013833080292,121.00138,0.0,891.83824,100.0
537,150.180119986765,50.180118,0.0,937.00035,100.0
538,66.06419599133356,0.0,33.935805,899.2939,100.0
539,0.798690590595759,0.0,0.0,899.2939,0.79869058
540,0.0,0.0,100.0,788.18279,100.0
541,0.0,0.0,100.0,677.07168,100.0
542,0.0,0.0,100.0,565.96057,100.0
543,0.0,0.0,100.0,454.84945,100.0
544,0.0,0.0,100.0,343.73834,100.0
545,0.0,0.0,19.364509,322.22222,19.364509
546,0.0,0.0,100.0,211.11111,100.0
547,0.0,0.0,0.0,211.11111,0.0
548,0.0,0.0,100.0,100.0,100.0
549,0.0,0.0,47.368421,47.368421,47.368421
550,0.0,0.0,22.437673,22.437673,22.437673
551,0.0,0.0,10.628371,10.628371,10.628371
552,0.0,0.0,5.0344918,5.0344918,5.0344918
553,51.48976767042698,0.0,2.3847593,2.3847593,53.874526
554,136.56092385897233,36.560922,0.0,35.289589,100.0
555,210.58966211598937,110.58966,0.0,134.82028,100.0
556,264.5785742781204,164.57857,0.0,282.941,100.0
557,293.9592282691068,193.95922,0.0,457.5043,100.0
558,296.4623152956667,196.46231,0.0,634.32038,100.0
559,271.89719573355967,171.89719,0.0,789.02785,100.0
560,222.14457978091136,122.14458,0.0,898.95797,100.0
561,151.30230377156852,51.302302,0.0,945.13005,100.0
562,67.06617318459017,0.0,32.933828,908.5369,100.0
563,0.9469476335858888,0.0,99.053052,798.47796,100.0
564,0.0,0.0,100.0,687.36685,100.0
565,0.0,0.0,100.0,576.25573,100.0
566,0.0,0.0,100.0,465.14462,100.0
567,0.0,0.0,100.0,354.03351,100.0
568,0.0,0.0,100.0,242.9224,100.0
569,0.0,0.0,100.0,131.81129,100.0
570,0.0,0.0,62.436927,62.436927,62.436927
571,0.0,0.0,29.575386,29.575386,29.575386
572,0.0,0.0,14.009394,14.009394,14.009394
573,0.0,0.0,6.6360285,6.6360285,6.6360285
574,0.0,0.0,3.1433819,3.1433819,3.1433819
575,0.0,0.0,1.4889704,1.4889704,1.4889704
576,0.0,0.0,0.70530176,0.70530176,0.70530176
577,51.757857680475986,0.0,0.33409031,0.33409031,52.091947
578,137.00869773096798,37.008696,0.0,33.641917,100.0
579,211.21107265423421,111.21107,0.0,133.73188,100.0
580,265.3643517390633,165.36435,0.0,282.55979,100.0
581,294.88927619311494,194.88927,0.0,457.96014,100.0
582,297.5063425592438,197.50634,0.0,635.71584,100.0
583,273.01639306372425,173.01639,0.0,791.4306,100.0
584,223.29310313391085,123.2931,0.0,902.39439,100.0
585,152.4252897521572,52.425288,0.0,949.57715,100.0
586,68.0669569658032,0.0,31.933044,914.09599,100.0
587,1.1105992885343334,0.0,98.889401,804.21887,100.0
588,0.0,0.0,100.0,693.10776,100.0
589,0.0,0.0,100.0,581.99665,100.0
590,0.0,0.0,100.0,470.88554,100.0
591,0.0,0.0,100.0,359.77443,100.0
592,0.0,0.0,100.0,248.66332,100.0
593,0.0,0.0,0.0,248.66332,0.0
594,0.0,0.0,100.0,137.55221,100.0
595,0.0,0.0,65.156309,65.156309,65.156309
596,0.0,0.0,0.0,65.156309,0.0
597,0.0,0.0,30.863515,30.863515,30.863515
598,0.0,0.0,14.61956,14.61956,14.61956
599,0.0,0.0,6.9250545,6.9250545,6.9250545
600,0.0,0.0,3.280289,3.280289,3.280289
601,52.05851291422327,0.0,1.5538211,1.5538211,53.612333
602,137.49073401640675,37.490732,0.0,35.29548,100.0
603,211.86394405442422,111.86394,0.0,135.97303,100.0
604,266.17710915664986,166.17711,0.0,285.53242,100.0
605,295.8408673189199,195.84086,0.0,461.7892,100.0
606,298.566013032873,198.56601,0.0,640.49861,100.0
607,274.1453292606849,174.14533,0.0,797.2294,100.0
608,224.4459151847442,124.44591,0.0,909.23072,100.0
609,153.54810558750046,53.548104,0.0,957.42402,100.0
610,69.0656884758969,0.0,30.934312,923.05256,100.0
611,1.28966440234501,0.0,98.710336,813.37441,100.0
612,0.0,0.0,100.0,702.2633,100.0
613,0.0,0.0,100.0,591.15219,100.0
614,0.0,0.0,100.0,480.04108,100.0
615,0.0,0.0,100.0,368.92996,100.0
616,0.0,0.0,100.0,257.81885,100.0
617,0.0,0.0,100.0,146.70774,100.0
618,0.0,0.0,69.493141,69.493141,69.493141
619,0.0,0.0,32.917804,32.917804,32.917804
620,0.0,0.0,15.592644,15.592644,15.592644
621,0.0,0.0,0.0,15.592644,0.0
622,0.0,0.0,7.3859892,7.3859892,7.3859892
623,0.0,0.0,3.4986265,3.4986265,3.4986265
624,0.0,0.0,1.6572441,1.6572441,1.6572441
625,52.391655103027475,0.0,0.78501037,0.78501037,53.176665
626,138.00667332941217,38.006672,0.0,34.991015,100.0
627,212.54770218542936,112.5477,0.0,136.28394,100.0
628,267.016089722508,167.01609,0.0,286.59842,100.0
629,296.8131013587819,196.8131,0.0,463.73021,100.0
630,299.64033101744656,199.64033,0.0,643.40651,100.0
631,275.2829680223115,175.28296,0.0,801.16117,100.0
632,225.60199772445543,125.602,0.0,914.20297,100.0
633,154.6698108975946,54.669809,0.0,963.4058,100.0
634,70.06154554539073,0.0,29.938455,930.14085,100.0
635,1.484024192254121,0.0,98.515976,820.67865,100.0
636,0.0,0.0,100.0,709.56754,100.0
637,0.0,0.0,100.0,598.45643,100.0
638,0.0,0.0,100.0,487.34532,100.0
639,0.0,0.0,100.0,376.23421,100.0
640,0.0,0.0,100.0,265.1231,100.0
641,0.0,0.0,48.610787,211.11111,48.610787
642,0.0,0.0,100.0,100.0,100.0
643,0.0,0.0,47.368421,47.368421,47.368421
644,0.0,0.0,22.437673,22.437673,22.437673
645,0.0,0.0,10.628371,10.628371,10.628371
646,0.0,0.0,5.0344918,5.0344918,5.0344918
647,0.0,0.0,2.3847593,2.3847593,2.3847593
648,0.0,0.0,1.1296228,1.1296228,1.1296228
649,52.75715445522349,0.0,0.53508449,0.53508449,53.292238
650,138.55609613438205,38.556095,0.0,35.23557,100.0
651,213.26172025960844,113.26172,0.0,137.17112,100.0
652,267.8804964013464,167.88049,0.0,288.26356,100.0
653,297.80505286931407,197.80505,0.0,466.2881,100.0
654,300.7282919899486,200.72829,0.0,646.94356,100.0
655,276.4282804984958,176.42828,0.0,805.72901,100.0
656,226.76035484970643,126.76035,0.0,919.81333,100.0
657,155.78949931057966,55.789498,0.0,970.02388,100.0
658,71.05374474909847,0.0,28.946256,937.86137,100.0
659,1.6934348608113148,0.0,98.306565,828.63186,100.0
660,0.0,0.0,100.0,717.52074,100.0
661,0.0,0.0,100.0,606.40963,100.0
662,0.0,0.0,100.0,495.29852,100.0
663,0.0,0.0,100.0,384.18741,100.0
664,0.0,0.0,55.76867,322.22222,55.76867
665,0.0,0.0,100.0,211.11111,100.0
666,0.0,0.0,100.0,100.0,100.0
667,0.0,0.0,47.368421,47.368421,47.368421
668,0.0,0.0,22.437673,22.437673,22.437673
669,0.0,0.0,10.628371,10.628371,10.628371
670,0.0,0.0,5.0344918,5.0344918,5.0344918
671,0.0,0.0,2.3847593,2.3847593,2.3847593
672,0.0,0.0,1.1296228,1.1296228,1.1296228
673,53.15483275516459,0.0,0.53508449,0.53508449,53.689917
674,139.1385274825036,39.138526,0.0,35.759758,100.0
675,214.00532409239608,114.00532,0.0,138.36455,100.0
676,268.769497249753,168.76949,0.0,290.25709,100.0
677,298.8157763590823,198.81577,0.0,469.19129,100.0
678,301.8288872083303,201.82888,0.0,650.83728,100.0
679,277.5802491518997,177.58025,0.0,810.6595,100.0
680,227.92001591936207,127.92001,0.0,925.78752,100.0
681,156.9063004908898,56.906299,0.0,977.00319,100.0
682,72.04154284929776,0.0,27.958458,945.93823,100.0
683,1.9175417494741012,0.0,98.082458,836.95772,100.0
684,0.0,0.0,100.0,725.84661,100.0
685,0.0,0.0,100.0,614.7355,100.0
686,0.0,0.0,100.0,503.62439,100.0
687,0.0,0.0,100.0,392.51328,100.0
688,0.0,0.0,100.0,281.40217,100.0
689,0.0,0.0,100.0,170.29106,100.0
690,0.0,0.0,0.0,170.29106,0.0
691,0.0,0.0,80.664185,80.664185,80.664185
692,0.0,0.0,38.209351,38.209351,38.209351
693,0.0,0.0,18.099166,18.099166,18.099166
694,0.0,0.0,8.5732892,8.5732892,8.5732892
695,0.0,0.0,4.0610317,4.0610317,4.0610317
696,0.0,0.0,1.9236466,1.9236466,1.9236466
697,53.58446818620168,0.0,0.91120102,0.91120102,54.495669
698,139.75344360836343,39.753442,0.0,36.689299,100.0
699,214.77779880130936,114.7778,0.0,139.98932,100.0
700,269.68223175461566,169.68223,0.0,292.70332,100.0
701,299.8443118489562,199.84431,0.0,472.5632,100.0
702,302.941108228823,202.9411,0.0,655.21019,100.0
703,278.73787104186556,178.73787,0.0,816.07427,100.0
704,229.0800374875249,129.08003,0.0,932.24631,100.0
705,158.01938078154728,58.019379,0.0,984.46375,100.0
706,73.02423674667496,0.0,26.975764,954.49068,100.0
707,2.155894000908034,0.0,97.844106,845.775,100.0
708,0.0,0.0,100.0,734.66389,100.0
709,0.0,0.0,100.0,623.55278,100.0
710,0.0,0.0,100.0,512.44167,100.0
711,0.0,0.0,100.0,401.33056,100.0
712,0.0,0.0,100.0,290.21945,100.0
713,0.0,0.0,0.0,290.21945,0.0
714,0.0,0.0,100.0,179.10834,100.0
715,0.0,0.0,0.0,179.10834,0.0
716,0.0,0.0,84.840791,84.840791,84.840791
717,0.0,0.0,40.187743,40.187743,40.187743
718,0.0,0.0,19.036299,19.036299,19.036299
719,0.0,0.0,9.0171944,9.0171944,9.0171944
720,0.00018002327188638647,0.0,0.0,9.0171944,0.00018002327
721,54.045800462908,0.0,4.2713026,4.2713026,58.317102
722,140.40027843157938,40.400277,0.0,40.631552,100.0
723,215.57839508433918,115.57839,0.0,144.65211,100.0
724,270.6178162797261,170.61781,0.0,298.20814,100.0
725,300.8896891821364,200.88969,0.0,479.00885,100.0
726,304.063949813939,204.06395,0.0,662.66641,100.0
727,279.90015920634414,179.90016,0.0,824.57655,100.0
728,230.23950320158423,130.2395,0.0,941.7921,100.0
729,159.12794178612177,59.12794,0.0,995.00724,100.0
730,74.00116142991644,0.0,25.998839,966.11964,100.0
731,2.407958895307954,0.0,97.592041,857.68404,100.0
732,0.0,0.0,100.0,746.57293,100.0
733,0.0,0.0,100.0,635.46182,100.0
734,0.0,0.0,100.0,524.35071,100.0
735,0.0,0.0,100.0,413.2396,100.0
736,0.0,0.0,100.0,302.12849,100.0
737,0.0,0.0,81.915638,211.11111,81.915638
738,0.0,0.0,100.0,100.0,100.0
739,0.0,0.0,47.368421,47.368421,47.368421
740,0.0,0.0,22.437673,22.437673,22.437673
741,0.0,0.0,10.628371,10.628371,10.628371
742,0.0,0.0,5.0344918,5.0344918,5.0344918
743,0.0,0.0,2.3847593,2.3847593,2.3847593
744,0.0026202261087152397,0.0,0.0,2.3847593,0.0026202261
745,54.53853554178727,0.0,1.1296228,1.1296228,55.668158
746,141.0784294092114,41.078428,0.0,38.100208,100.0
747,216.40633447591307,116.40633,0.0,142.86591,100.0
748,271.575348277673,171.57535,0.0,297.28372,100.0
749,301.950930844287,201.95093,0.0,479.03955,100.0
750,305.19641122159055,205.19641,0.0,663.71632,100.0
751,281.06614237456137,181.06614,0.0,826.67584,100.0
752,231.3975219962263,131.39752,0.0,944.93361,100.0
753,160.23121734596168,60.231216,0.0,999.14171,100.0
754,74.9716865745265,0.0,25.028314,971.33247,100.0
755,2.673135334424946,0.0,97.326865,863.19151,100.0
756,0.0,0.0,100.0,752.0804,100.0
757,0.0,0.0,100.0,640.96928,100.0
758,0.0,0.0,100.0,529.85817,100.0
759,0.0,0.0,100.0,418.74706,100.0
760,0.0,0.0,100.0,307.63595,100.0
761,0.0,0.0,100.0,196.52484,100.0
762,0.0,0.0,93.090714,93.090714,93.090714
763,0.0,0.0,44.095601,44.095601,44.095601
764,0.0,0.0,20.88739,20.88739,20.88739
765,0.0,0.0,9.8940269,9.8940269,9.8940269
766,0.0,0.0,4.6866443,4.6866443,4.6866443
767,0.0,0.0,2.2199894,2.2199894,2.2199894
768,0.005800961901307378,0.0,0.0,2.2199894,0.0058009618
769,55.062349751457475,0.0,1.0515739,1.0515739,56.113923
770,141.78726262774416,41.787261,0.0,38.660109,100.0
771,217.2608138440694,117.26081,0.0,144.19484,100.0
772,272.5539096738762,172.55391,0.0,299.49336,100.0
773,303.027054029043,203.02705,0.0,482.2177,100.0
774,306.3374968059061,206.33749,0.0,667.92144,100.0
775,282.23486409982644,182.23486,0.0,831.93282,100.0
776,232.55322590861053,132.55322,0.0,951.23072,100.0
777,161.32847026800712,61.328468,0.0,1006.4263,100.0
778,75.93521292985812,0.0,24.064788,979.68769,100.0
779,2.9507663827389745,0.0,97.049234,871.85521,100.0
780,0.0,0.0,100.0,760.7441,100.0
781,0.0,0.0,100.0,649.63298,100.0
782,0.0,0.0,100.0,538.52187,100.0
783,0.0,0.0,100.0,427.41076,100.0
784,0.0,0.0,100.0,316.29965,100.0
785,0.0,0.0,100.0,205.18854,100.0
786,0.0,0.0,97.194572,97.194572,97.194572
787,0.0,0.0,46.039534,46.039534,46.039534
788,0.0,0.0,21.8082,21.8082,21.8082
789,0.0,0.0,10.3302,10.3302,10.3302
790,0.0,0.0,4.8932527,4.8932527,4.8932527
791,0.0,0.0,2.3178565,2.3178565,2.3178565
792,0.009928284593884767,0.0,0.0,2.3178565,0.0099282845
793,55.61689328232596,0.0,1.097932,1.097932,56.714825
794,142.5261172154962,42.526116,0.0,39.371436,100.0
795,218.14100927665274,118.14101,0.0,145.69834,100.0
796,273.55256988329256,173.55257,0.0,301.89565,100.0
797,304.11707254016676,204.11707,0.0,485.60101,100.0
798,307.4862167241235,207.48621,0.0,672.33861,100.0
799,283.40538227552486,183.40538,0.0,837.40345,100.0
800,233.70576846830988,133.70577,0.0,957.73864,100.0
801,162.4189898748194,62.418988,0.0,1013.9157,100.0
802,76.8911695992759,0.0,23.108831,988.23925,100.0
803,3.240150954886651,0.0,96.759849,880.7283,100.0
804,0.0,0.0,100.0,769.61719,100.0
805,0.0,0.0,100.0,658.50608,100.0
806,0.0,0.0,100.0,547.39497,100.0
807,0.0,0.0,100.0,436.28386,100.0
808,0.0,0.0,100.0,325.17275,100.0
809,0.0,0.0,100.0,214.06164,100.0
810,0.0,0.0,100.0,102.95053,100.0
811,0.0,0.0,48.766039,48.766039,48.766039
812,0.0,0.0,23.099702,23.099702,23.099702
813,0.0,0.0,10.941964,10.941964,10.941964
814,0.0,0.0,5.1830357,5.1830357,5.1830357
815,0.0,0.0,2.4551222,2.4551222,2.4551222
816,0.015257650604884328,0.0,0.0,2.4551222,0.01525765
817,56.20179260080321,0.0,1.1629526,1.1629526,57.364745
818,143.29430878813673,43.294307,0.0,40.127829,100.0
819,219.04607924107998,119.04608,0.0,147.2693,100.0
820,274.5703883604081,174.57039,0.0,304.38264,100.0
821,305.2199986031108,205.22,0.0,489.08064,100.0
822,308.6415879224825,208.64158,0.0,676.85807,100.0
823,284.5767692763776,184.57677,0.0,842.97716,100.0
824,234.85432409067485,134.85432,0.0,964.34605,100.0
825,163.50209074125044,63.502089,0.0,1021.4979,100.0
826,77.83901259310525,0.0,22.160988,996.87461,100.0
827,3.5405547761094,0.0,96.459445,889.69744,100.0
828,0.0,0.0,100.0,778.58633,100.0
829,0.0,0.0,100.0,667.47522,100.0
830,0.0,0.0,100.0,556.36411,100.0
831,0.0,0.0,100.0,445.253,100.0
832,0.0,0.0,100.0,334.14189,100.0
833,0.0,0.0,100.0,223.03078,100.0
834,0.0,0.0,100.0,111.91967,100.0
835,0.0,0.0,53.014579,53.014579,53.014579
836,0.0,0.0,25.112169,25.112169,25.112169
837,0.0,0.0,11.895238,11.895238,11.895238
838,0.0,0.0,5.6345864,5.6345864,5.6345864
839,0.0,0.0,2.6690146,2.6690146,2.6690146
840,0.02210313605644302,0.0,0.0,2.6690146,0.022103136
841,56.816651653897544,0.0,1.2642701,1.2642701,58.080921
842,144.09113156329502,44.09113,0.0,40.946287,100.0
843,219.9751666745473,119.97516,0.0,148.92393,100.0
844,275.6064164316843,175.60641,0.0,306.96971,100.0
845,306.33484432177045,206.33484,0.0,492.67106,100.0
846,309.80263516412884,209.80263,0.0,681.49343,100.0
847,285.74811255559257,185.74811,0.0,848.66673,100.0
848,235.99808822587607,135.99809,0.0,971.06501,100.0
849,164.57711252855574,64.577111,0.0,1029.1844,100.0
850,78.77822451148646,0.0,21.221776,1005.6047,100.0
851,3.85122065062728,0.0,96.148779,898.77268,100.0
852,0.0,0.0,100.0,787.66157,100.0
853,0.0,0.0,100.0,676.55046,100.0
854,0.0,0.0,100.0,565.43935,100.0
855,0.0,0.0,100.0,454.32823,100.0
856,0.0,0.0,100.0,343.21712,100.0
857,0.0,0.0,100.0,232.10601,100.0
858,0.0,0.0,100.0,120.9949,100.0
859,0.0,0.0,57.313374,57.313374,57.313374
860,0.0,0.0,27.14844,27.14844,27.14844
861,0.0,0.0,12.859788,12.859788,12.859788
862,0.0,0.0,6.0914783,6.0914783,6.0914783
863,0.0,0.0,2.8854371,2.8854371,2.8854371
864,0.030847386922548847,0.0,0.0,2.8854371,0.030847387
865,57.46105179233041,0.0,1.366786,1.366786,58.827837
866,144.9158592942214,44.915858,0.0,41.791058,100.0
867,220.92740001987113,120.9274,0.0,150.62572,100.0
868,276.65969833827916,176.6597,0.0,309.61944,100.0
869,307.46062266978754,207.46062,0.0,496.334,100.0
870,310.96839192706744,210.96839,0.0,686.20555,100.0
871,286.91851540026573,186.91851,0.0,854.43221,100.0
872,237.1362779971795,137.13628,0.0,977.85486,100.0
873,165.6434204593931,65.643419,0.0,1036.9339,100.0
874,79.70831505875825,0.0,20.291686,1014.3876,100.0
875,4.171378004353001,0.0,95.828622,907.91137,100.0
876,0.0,0.0,100.0,796.80026,100.0
877,0.0,0.0,100.0,685.68915,100.0
878,0.0,0.0,100.0,574.57804,100.0
879,0.0,0.0,100.0,463.46693,100.0
880,0.0,0.0,100.0,352.35581,100.0
881,0.0,0.0,100.0,241.2447,100.0
882,0.0,0.0,27.120233,211.11111,27.120233
883,0.0,0.0,100.0,100.0,100.0
884,0.0,0.0,47.368421,47.368421,47.368421
885,0.0,0.0,22.437673,22.437673,22.437673
886,0.0,0.0,10.628371,10.628371,10.628371
887,0.0,0.0,5.0344918,5.0344918,5.0344918
888,0.04195199911230887,0.0,0.0,5.0344918,0.041951999
889,58.13455095991612,0.0,2.3847593,2.3847593,60.51931
890,145.76774534875025,45.767744,0.0,43.575729,100.0
891,221.90189358994152,121.90189,0.0,153.28743,100.0
892,277.7292717433806,177.72927,0.0,313.24377,100.0
893,308.596348104349,208.59634,0.0,500.98048,100.0
894,312.1379010874022,212.1379,0.0,691.90459,100.0
895,288.0870976664414,188.08709,0.0,861.18298,100.0
896,238.26813291039565,138.26813,0.0,985.62429,100.0
897,166.7004060369269,66.700404,0.0,1045.6547,100.0
898,80.62882171773532,0.0,19.371179,1024.1311,100.0
899,4.500251555849695,0.0,95.499748,918.02029,100.0
900,0.0,0.0,100.0,806.90918,100.0
901,0.0,0.0,100.0,695.79807,100.0
902,0.0,0.0,100.0,584.68696,100.0
903,0.0,0.0,100.0,473.57585,100.0
904,0.0,0.0,100.0,362.46474,100.0
905,0.0,0.0,100.0,251.35363,100.0
906,0.0,0.0,100.0,140.24251,100.0
907,0.0,0.0,66.430665,66.430665,66.430665
908,0.0,0.0,31.467157,31.467157,31.467157
909,0.0,0.0,14.905495,14.905495,14.905495
910,0.0,0.0,7.0604978,7.0604978,7.0604978
911,0.0,0.0,3.3444463,3.3444463,3.3444463
912,0.05596791048015226,0.0,0.0,3.3444463,0.05596791
913,58.836682739031325,0.0,1.5842114,1.5842114,60.420894
914,146.64602266434616,46.646021,0.0,43.56563,100.0
915,222.897747704622,122.89775,0.0,154.1736,100.0
916,278.8141680047342,178.81416,0.0,315.10635,100.0
917,309.74103689377046,209.74103,0.0,503.87328,100.0
918,313.3102152538215,213.31021,0.0,695.85247,100.0
919,289.2529960548408,189.25299,0.0,866.18016,100.0
920,239.39291507043995,139.39291,0.0,991.63378,100.0
921,167.74748713191207,67.747485,0.0,1052.6065,100.0
922,81.53930989520222,0.0,18.460691,1032.0946,100.0
923,4.837068795254051,0.0,95.162931,926.35805,100.0
924,0.0,0.0,100.0,815.24694,100.0
925,0.0,0.0,100.0,704.13583,100.0
926,0.0,0.0,100.0,593.02472,100.0
927,0.0,0.0,100.0,481.91361,100.0
928,0.0,0.0,100.0,370.8025,100.0
929,0.0,0.0,100.0,259.69139,100.0
930,0.0,0.0,43.722247,211.11111,43.722247
931,0.0,0.0,100.0,100.0,100.0
932,0.0,0.0,47.368421,47.368421,47.368421
933,0.0,0.0,22.437673,22.437673,22.437673
934,0.0,0.0,10.628371,10.628371,10.628371
935,0.0,0.0,5.0344918,5.0344918,5.0344918
936,0.07354527535736824,0.0,0.0,5.0344918,0.073545275
937,59.56695594281745,0.0,2.3847593,2.3847593,61.951715
938,147.549904085448,47.549902,0.0,45.179671,100.0
939,223.9140490823259,123.91405,0.0,156.70231,100.0
940,279.9134123963933,179.91341,0.0,318.62438,100.0
941,310.8937071090189,210.8937,0.0,508.42871,100.0
942,314.48439645487645,214.48439,0.0,701.46467,100.0
943,290.41536346669903,190.41536,0.0,872.83849,100.0
944,240.5099081653228,140.50991,0.0,999.29741,100.0
945,168.78410670481864,68.784105,0.0,1061.2031,100.0
946,82.439371500662,0.0,17.560629,1041.6913,100.0
947,5.181065873782923,0.0,94.818934,936.33692,100.0
948,0.0,0.0,100.0,825.22581,100.0
949,0.0,0.0,100.0,714.1147,100.0
950,0.0,0.0,100.0,603.00359,100.0
951,0.0,0.0,100.0,491.89248,100.0
952,0.0,0.0,100.0,380.78136,100.0
953,0.0,0.0,100.0,269.67025,100.0
954,0.0,0.0,100.0,158.55914,100.0
955,0.0,0.0,75.106962,75.106962,75.106962
956,0.0,0.0,35.576982,35.576982,35.576982
957,0.0,0.0,16.852255,16.852255,16.852255
958,0.0,0.0,7.982647,7.982647,7.982647
959,0.0,0.0,3.7812538,3.7812538,3.7812538
960,0.09544221513189376,0.0,0.0,3.7812538,0.095442214
961,60.32485519358276,0.0,1.7911202,1.7911202,62.115975
962,148.47858353292048,48.478582,0.0,45.421844,100.0
963,224.94987166710249,124.94987,0.0,157.87673,100.0
964,281.026024416459,181.02602,0.0,320.80015,100.0
965,312.05337823655793,212.05337,0.0,511.64818,100.0
966,315.65951498250763,215.65951,0.0,705.74174,100.0
967,291.57336705622026,191.57336,0.0,878.15777,100.0
968,241.6184148130319,141.61841,0.0,1005.6143,100.0
969,169.80972953851108,69.809728,0.0,1068.4431,100.0
970,83.32862153290317,0.0,16.671379,1049.9193,100.0
971,5.531491553378914,0.0,94.468509,944.95433,100.0
972,0.0,0.0,100.0,833.84322,100.0
973,0.0,0.0,100.0,722.73211,100.0
974,0.0,0.0,100.0,611.621,100.0
975,0.0,0.0,100.0,500.50989,100.0
976,0.0,0.0,100.0,389.39878,100.0
977,0.0,0.0,100.0,278.28767,100.0
978,0.0,0.0,100.0,167.17655,100.0
979,0.0,0.0,79.188894,79.188894,79.188894
980,0.0,0.0,37.510529,37.510529,37.510529
981,0.0,0.0,17.768145,17.768145,17.768145
982,0.0,0.0,8.4164898,8.4164898,8.4164898
983,0.0,0.0,3.9867583,3.9867583,3.9867583
984,0.12253179095561123,0.0,0.0,3.9867583,0.12253179
985,61.10984275599876,0.0,1.8884645,1.8884645,62.998307
986,149.43123817965886,49.431237,0.0,46.376577,100.0
987,226.00427817609048,126.00428,0.0,159.78043,100.0
988,282.1510183151384,182.15102,0.0,323.71634,100.0
989,313.21907054140337,213.21907,0.0,515.6135,100.0
990,316.8346475030319,216.83464,0.0,710.76468,100.0
991,292.72618510024336,192.72618,0.0,884.21824,100.0
992,242.71775228404752,142.71775,0.0,1012.6642,100.0
993,170.82383712876677,70.823835,0.0,1076.4057,100.0
994,84.20669264187882,0.0,15.793308,1058.8575,100.0
995,5.8876091776709085,0.0,94.112391,954.28823,100.0
996,0.0,0.0,100.0,843.17711,100.0
997,0.0,0.0,100.0,732.066,100.0
998,0.0,0.0,100.0,620.95489,100.0
999,0.0,0.0,100.0,509.84378,100.0
1000,0.0,0.0,100.0,398.73267,100.0
1001,0.0,0.0,100.0,287.62156,100.0
1002,0.0,0.0,100.0,176.51045,100.0
1003,0.0,0.0,83.610212,83.610212,83.610212
1004,0.0,0.0,39.604837,39.604837,39.604837
1005,0.0,0.0,18.760186,18.760186,18.760186
1006,0.0,0.0,8.8864039,8.8864039,8.8864039
1007,0.0,0.0,4.2093492,4.2093492,4.2093492
1008,0.1558065568175813,0.0,0.0,4.2093492,0.15580656
1009,61.92136145732605,0.0,1.9939023,1.9939023,63.915263
1010,150.4070316082484,50.40703,0.0,47.360229,100.0
1011,227.07632227348967,127.07632,0.0,161.72892,100.0
1012,283.28740395907283,183.2874,0.0,326.68758,100.0
1013,314.3898043679329,214.3898,0.0,519.6384,100.0
1014,318.00887471926086,218.00887,0.0,715.84638,100.0
1015,293.87300307157227,193.873,0.0,890.33208,100.0
1016,243.8072471737374,143.80724,0.0,1019.7586,100.0
1017,171.8259212376753,71.825919,0.0,1084.4019,100.0
1018,85.07322829082236,0.0,14.926773,1067.8166,100.0
1019,6.248696807140185,0.0,93.751303,963.64851,100.0
1020,0.0,0.0,100.0,852.5374,100.0
1021,0.0,0.0,100.0,741.42629,100.0
1022,0.0,0.0,100.0,630.31518,100.0
1023,0.0,0.0,100.0,519.20407,100.0
1024,0.0,0.0,100.0,408.09296,100.0
1025,0.0,0.0,100.0,296.98185,100.0
1026,0.0,0.0,100.0,185.87073,100.0
1027,0.0,0.0,88.044032,88.044032,88.044032
1028,0.0,0.0,41.705068,41.705068,41.705068
1029,0.0,0.0,19.755032,19.755032,19.755032
1030,0.0,0.0,9.3576468,9.3576468,9.3576468
1031,0.0,0.0,4.4325695,4.4325695,4.4325695
1032,0.19638010992627455,0.0,0.0,4.4325695,0.19638011
1033,62.758838395968404,0.0,2.0996382,2.0996382,64.858476
1034,151.4051175129594,51.405116,0.0,48.364242,100.0
1035,228.16505119336946,128.16505,0.0,163.71279,100.0
1036,284.4341878894944,184.43418,0.0,329.70355,100.0
1037,315.5645994464543,215.5646,0.0,523.71169,100.0
1038,319.1812788281452,219.18128,0.0,720.97484,100.0
1039,295.01300929745435,195.01301,0.0,896.48654,100.0
1040,244.88622947144313,144.88623,0.0,1026.8841,100.0
1041,172.8154767764727,72.815475,0.0,1092.4181,100.0
1042,85.92787514627935,0.0,14.072126,1076.7824,100.0
1043,6.614045913989448,0.0,93.385954,973.02021,100.0
1044,0.0,0.0,100.0,861.9091,100.0
1045,0.0,0.0,100.0,750.79798,100.0
1046,0.0,0.0,100.0,639.68687,100.0
1047,0.0,0.0,100.0,528.57576,100.0
1048,0.0,0.0,100.0,417.46465,100.0
1049,0.0,0.0,100.0,306.35354,100.0
1050,0.0,0.0,100.0,195.24243,100.0
1051,0.0,0.0,92.483256,92.483256,92.483256
1052,0.0,0.0,43.807858,43.807858,43.807858
1053,0.0,0.0,20.751091,20.751091,20.751091
1054,0.0,0.0,9.829464,9.829464,9.829464
1055,0.0,0.0,4.6560619,4.6560619,4.6560619
1056,0.24548516477379906,0.0,0.0,4.6560619,0.24548516
1057,63.62168877706467,0.0,2.205503,2.205503,65.827191
1058,152.4246435472815,52.424642,0.0,49.387681,100.0
1059,229.26950838908013,129.26951,0.0,165.73024,100.0
1060,285.59037441832265,185.59037,0.0,332.76157,100.0
1061,316.7424741842699,216.74247,0.0,527.82979,100.0
1062,320.3509409519135,220.35094,0.0,726.14564,100.0
1063,296.1453906095577,196.14539,0.0,902.67649,100.0
1064,245.95402661863824,145.95402,0.0,1034.0351,100.0
1065,173.79199466071375,73.791993,0.0,1100.4479,100.0
1066,86.77027544425222,0.0,13.229726,1085.7482,100.0
1067,6.982959005877791,0.0,93.017041,982.39594,100.0
1068,0.0,0.0,100.0,871.28483,100.0
1069,0.0,0.0,100.0,760.17372,100.0
1070,0.0,0.0,100.0,649.0626,100.0
1071,0.0,0.0,100.0,537.95149,100.0
1072,0.0,0.0,100.0,426.84038,100.0
1073,0.0,0.0,100.0,315.72927,100.0
1074,0.0,0.0,100.0,204.61816,100.0
1075,0.0,0.0,96.924392,96.924392,96.924392
1076,0.0,0.0,45.911554,45.911554,45.911554
1077,0.0,0.0,21.747578,21.747578,21.747578
1078,0.0,0.0,10.301484,10.301484,10.301484
1079,0.0,0.0,4.8796505,4.8796505,4.8796505
1080,0.30221004104976185,0.0,0.0,4.8796505,0.30221004
1081,64.43140276505946,0.0,2.3114134,2.3114134,66.742815
1082,153.36305925715462,53.363058,0.0,50.338165,100.0
1083,230.27781006477193,130.27781,0.0,167.58819,100.0
1084,286.6397496711643,186.63975,0.0,335.56396,100.0
1085,317.8053759601964,217.80537,0.0,531.5888,100.0
1086,321.3996745433021,221.39967,0.0,730.8485,100.0
1087,297.1534527403713,197.15345,0.0,908.28661,100.0
1088,246.89761330896891,146.89761,0.0,1040.4945,100.0
1089,174.65013823062395,74.650136,0.0,1107.6796,100.0
1090,87.51332357168938,0.0,12.486677,1093.8055,100.0
1091,7.329765252714558,0.0,92.670235,990.83857,100.0
1092,0.0,0.0,100.0,879.72745,100.0
1093,0.0,0.0,100.0,768.61634,100.0
1094,0.0,0.0,100.0,657.50523,100.0
1095,0.0,0.0,100.0,546.39412,100.0
1096,0.0,0.0,100.0,435.28301,100.0
1097,0.0,0.0,100.0,324.1719,100.0
1098,0.0,0.0,100.0,213.06079,100.0
1099,0.0,0.0,100.0,101.94968,100.0
1100,0.0,0.0,48.291952,48.291952,48.291952
1101,0.0,0.0,22.875135,22.875135,22.875135
1102,0.0,0.0,10.83559,10.83559,10.83559
1103,0.0,0.0,5.1326481,5.1326481,5.1326481
1104,0.3694391959892936,0.0,2.4312544,2.4312544,2.8006935
1105,65.2647329084875,0.0,1.1516468,1.1516468,66.416379
1106,154.32110110202078,54.321099,0.0,50.040636,100.0
1107,231.29993764886166,131.29994,0.0,168.21058,100.0
1108,287.69658820272764,187.69658,0.0,337.1375,100.0
1109,318.8694596039149,218.86946,0.0,534.12001,100.0
1110,322.443892283193,222.44389,0.0,734.31951,100.0
1111,298.1523135085022,198.15231,0.0,912.65659,100.0
1112,247.82868732819125,147.82868,0.0,1045.7024,100.0
1113,175.49416645432427,75.494164,0.0,1113.6472,100.0
1114,88.24309683864551,0.0,11.756904,1100.5839,100.0
1115,7.677290997675243,0.0,92.322709,998.00314,100.0
1116,0.0,0.0,100.0,886.89203,100.0
1117,0.0,0.0,100.0,775.78092,100.0
1118,0.0,0.0,100.0,664.66981,100.0
1119,0.0,0.0,100.0,553.5587,100.0
1120,0.0,0.0,100.0,442.44759,100.0
1121,0.0,0.0,100.0,331.33648,100.0
1122,0.0,0.0,100.0,220.22537,100.0
1123,0.0,0.0,8.2028288,211.11111,8.2028288
1124,0.0,0.0,100.0,100.0,100.0
1125,0.0,0.0,47.368421,47.368421,47.368421
1126,0.0,0.0,22.437673,22.437673,22.437673
1127,0.0,0.0,10.628371,10.628371,10.628371
1128,0.4485583425227979,0.0,0.0,10.628371,0.44855834
1129,66.12106585508076,0.0,5.0344918,5.0344918,71.155557
1130,155.29791552493157,55.297914,0.0,54.802614,100.0
1131,232.33493958335433,132.33494,0.0,173.90406,100.0
1132,288.75989956729137,188.7599,0.0,343.78796,100.0
1133,319.9337454365493,219.93374,0.0,541.72833,100.0
1134,323.48267127629106,223.48267,0.0,742.86273,100.0
1135,299.1411480673082,199.14114,0.0,922.08976,100.0
1136,248.74655625428028,148.74655,0.0,1055.9617,100.0
1137,176.32354415840302,76.323542,0.0,1124.6528,100.0
1138,88.9592188767807,0.0,11.040782,1112.3853,100.0
1139,8.02491693224626,0.0,91.975083,1010.1908,100.0
1140,0.0,0.0,100.0,899.07967,100.0
1141,0.0,0.0,100.0,787.96855,100.0
1142,0.0,0.0,100.0,676.85744,100.0
1143,0.0,0.0,100.0,565.74633,100.0
1144,0.0,0.0,100.0,454.63522,100.0
1145,0.0,0.0,100.0,343.52411,100.0
1146,0.0,0.0,100.0,232.413,100.0
1147,0.0,0.0,100.0,121.30189,100.0
1148,0.0,0.0,57.458789,57.458789,57.458789
1149,0.0,0.0,27.217321,27.217321,27.217321
1150,0.0,0.0,12.892415,12.892415,12.892415
1151,0.0,0.0,6.1069335,6.1069335,6.1069335
1152,0.5410171080256061,0.0,2.892758,2.892758,3.4337751
1153,66.99979007974461,0.0,1.3702538,1.3702538,68.370043
1154,156.29265668773846,56.292655,0.0,52.033643,100.0
1155,233.38187324271559,133.38187,0.0,172.07733,100.0
1156,289.8287020777202,189.8287,0.0,342.92316,100.0
1157,320.9972613014715,220.99726,0.0,541.82069,100.0
1158,324.51509399381223,224.51509,0.0,743.88427,100.0
1159,300.11913403067695,200.11913,0.0,923.99149,100.0
1160,249.6505266651765,149.65052,0.0,1058.677,100.0
1161,177.13773152863808,77.13773,0.0,1128.1009,100.0
1162,89.66130598505865,0.0,10.338695,1116.6135,100.0
1163,8.372034579409412,0.0,91.627966,1014.8046,100.0
1164,0.0,0.0,100.0,903.69351,100.0
1165,0.0,0.0,100.0,792.5824,100.0
1166,0.0,0.0,100.0,681.47129,100.0
1167,0.0,0.0,100.0,570.36018,100.0
1168,0.0,0.0,100.0,459.24907,100.0
1169,0.0,0.0,100.0,348.13796,100.0
1170,0.0,0.0,100.0,237.02685,100.0
1171,0.0,0.0,100.0,125.91574,100.0
1172,0.0,0.0,59.644296,59.644296,59.644296
1173,0.0,0.0,28.252561,28.252561,28.252561
1174,0.0,0.0,13.382792,13.382792,13.382792
1175,0.0,0.0,6.3392174,6.3392174,6.3392174
1176,0.6483116475917469,0.0,3.0027872,3.0027872,3.6510988
1177,67.9002949751435,0.0,1.4223729,1.4223729,69.322667
1178,157.30448703563678,57.304485,0.0,52.99641,100.0
1179,234.43980710502709,134.4398,0.0,173.99223,100.0
1180,290.9020267935577,190.90202,0.0,345.80405,100.0
1181,322.05904841615535,222.05904,0.0,545.6572,100.0
1182,325.54025592733115,225.54025,0.0,748.64342,100.0
1183,301.08546072211084,201.08546,0.0,929.62033,100.0
1184,250.5399146884227,150.53991,0.0,1065.1063,100.0
1185,177.93619539850974,77.936193,0.0,1135.2488,100.0
1186,90.34897826592089,0.0,9.6510227,1124.5255,100.0
1187,8.718051716783327,0.0,91.281948,1023.1011,100.0
1188,0.0,0.0,100.0,911.98997,100.0
1189,0.0,0.0,100.0,800.87886,100.0
1190,0.0,0.0,100.0,689.76775,100.0
1191,0.0,0.0,100.0,578.65664,100.0
1192,0.0,0.0,100.0,467.54553,100.0
1193,0.0,0.0,100.0,356.43442,100.0
1194,0.0,0.0,100.0,245.32331,100.0
1195,0.0,0.0,100.0,134.21219,100.0
1196,0.0,0.0,63.574197,63.574197,63.574197
1197,0.0,0.0,30.114093,30.114093,30.114093
1198,0.0,0.0,14.264571,14.264571,14.264571
1199,0.0,0.0,6.7569018,6.7569018,6.7569018
1200,0.7719647569528519,0.0,3.2006377,3.2006377,3.9726025
1201,68.82196641371243,0.0,1.5160915,1.5160915,70.338057
1202,158.33257412978244,58.332572,0.0,54.015407,100.0
1203,235.50781968192246,135.50782,0.0,175.97244,100.0
1204,291.97891887774176,191.97892,0.0,348.75347,100.0
1205,323.11816535800045,223.11816,0.0,549.55981,100.0
1206,326.55727218733057,226.55727,0.0,753.46135,100.0
1207,302.0393382086187,202.03933,0.0,935.29675,100.0
1208,251.41405704504965,151.41405,0.0,1071.5694,100.0
1209,178.7184217417439,78.71842,0.0,1142.416,100.0
1210,91.0218723366656,0.0,8.9781287,1132.4403,100.0
1211,9.06239935361916,0.0,90.937601,1031.3985,100.0
1212,0.0,0.0,100.0,920.28739,100.0
1213,0.0,0.0,100.0,809.17628,100.0
1214,0.0,0.0,100.0,698.06517,100.0
1215,0.0,0.0,100.0,586.95406,100.0
1216,0.0,0.0,100.0,475.84295,100.0
1217,0.0,0.0,100.0,364.73184,100.0
1218,0.0,0.0,100.0,253.62073,100.0
1219,0.0,0.0,100.0,142.50962,100.0
1220,0.0,0.0,67.504555,67.504555,67.504555
1221,0.0,0.0,31.975842,31.975842,31.975842
1222,0.0,0.0,15.146451,15.146451,15.146451
1223,0.0,0.0,7.1746348,7.1746348,7.1746348
1224,0.9135037658239926,0.0,3.3985112,3.3985112,4.312015
1225,69.76417847988594,0.0,1.6098211,1.6098211,71.373999
1226,159.37608342139777,59.376082,0.0,55.048295,100.0
1227,236.58499431921396,136.58499,0.0,177.97479,100.0
1228,293.05843501958583,193.05843,0.0,351.72738,100.0
1229,324.17368838655136,224.17368,0.0,553.48369,100.0
1230,327.56528081687173,227.56528,0.0,758.29244,100.0
1231,302.9800034417489,202.98,0.0,940.97444,100.0
1232,252.27231967152406,152.27232,0.0,1078.0195,100.0
1233,179.48392611115503,79.483924,0.0,1149.5551,100.0
1234,91.67965257313708,0.0,8.3203485,1140.3102,100.0
1235,9.404538542698383,0.0,90.595462,1039.6486,100.0
1236,0.0,0.0,100.0,928.53749,100.0
1237,0.0,0.0,100.0,817.42638,100.0
1238,0.0,0.0,100.0,706.31527,100.0
1239,0.0,0.0,100.0,595.20416,100.0
1240,0.0,0.0,100.0,484.09305,100.0
1241,0.0,0.0,100.0,372.98194,100.0
1242,0.0,0.0,100.0,261.87082,100.0
1243,0.0,0.0,100.0,150.75971,100.0
1244,0.0,0.0,71.412496,71.412496,71.412496
1245,0.0,0.0,33.826972,33.826972,33.826972
1246,0.0,0.0,16.023302,16.023302,16.023302
1247,0.0,0.0,7.5899854,7.5899854,7.5899854
1248,1.0744367035301032,0.0,3.5952562,3.5952562,4.6696929
1249,70.72628298561702,0.0,1.7030161,1.7030161,72.429298
1250,160.43416832220785,60.434167,0.0,56.093766,100.0
1251,237.67041110409633,137.67041,0.0,179.99713,100.0
1252,294.13963771165413,194.13963,0.0,354.7228,100.0
1253,325.22470845871175,225.2247,0.0,557.42504,100.0
1254,328.5634426449116,228.56344,0.0,763.13213,100.0
1255,303.9067228608029,203.90672,0.0,946.64818,100.0
1256,253.1141027685835,153.1141,0.0,1084.4509,100.0
1257,180.23226063625816,80.232259,0.0,1156.6599,100.0
1258,92.32201906856444,0.0,7.677982,1148.1288,100.0
1259,9.743965895037123,0.0,90.256034,1047.8443,100.0
1260,0.0,0.0,100.0,936.73322,100.0
1261,0.0,0.0,100.0,825.62211,100.0
1262,0.0,0.0,100.0,714.511,100.0
1263,0.0,0.0,100.0,603.39989,100.0
1264,0.0,0.0,100.0,492.28878,100.0
1265,0.0,0.0,100.0,381.17766,100.0
1266,0.0,0.0,100.0,270.06655,100.0
1267,0.0,0.0,100.0,158.95544,100.0
1268,0.0,0.0,75.294683,75.294683,75.294683
1269,0.0,0.0,35.665902,35.665902,35.665902
1270,0.0,0.0,16.894375,16.894375,16.894375
1271,0.0,0.0,8.0025986,8.0025986,8.0025986
1272,1.2562276103493448,0.0,3.7907046,3.7907046,5.0469322
1273,71.70759943473641,0.0,1.7955969,1.7955969,73.503196
1274,161.50596065739632,61.505959,0.0,57.15096,100.0
1275,238.7631387261322,138.76314,0.0,182.03778,100.0
1276,295.2215890741523,195.22159,0.0,357.73721,100.0
1277,326.27032724697835,226.27032,0.0,561.3805,100.0
1278,329.5509396064314,229.55094,0.0,767.97634,100.0
1279,304.81879293599684,204.81879,0.0,952.31325,100.0
1280,253.9388432989286,153.93884,0.0,1090.8582,100.0
1281,180.96301808444568,80.963016,0.0,1163.7249,100.0
1282,92.94871267669377,0.0,7.0512884,1155.8902,100.0
1283,10.080217541041081,0.0,89.919783,1055.9793,100.0
1284,0.0,0.0,100.0,944.86818,100.0
1285,0.0,0.0,100.0,833.75707,100.0
1286,0.0,0.0,100.0,722.64596,100.0
1287,0.0,0.0,100.0,611.53485,100.0
1288,0.0,0.0,100.0,500.42373,100.0
1289,0.0,0.0,100.0,389.31262,100.0
1290,0.0,0.0,100.0,278.20151,100.0
1291,0.0,0.0,100.0,167.0904,100.0
1292,0.0,0.0,79.148085,79.148085,79.148085
1293,0.0,0.0,37.491198,37.491198,37.491198
1294,0.0,0.0,17.758989,17.758989,17.758989
1295,0.0,0.0,8.4121525,8.4121525,8.4121525
1296,1.4602721555087517,0.0,3.9847038,3.9847038,5.4449759
1297,72.70740819548215,0.0,1.8874913,1.8874913,74.594899
1298,162.59056437560818,62.590563,0.0,58.218998,100.0
1299,239.86222934504778,139.86223,0.0,184.095,100.0
1300,296.3033470834548,196.30334,0.0,360.76801,100.0
1301,327.3096549110539,227.30965,0.0,565.3467,100.0
1302,330.52697404417995,230.52697,0.0,772.82097,100.0
1303,305.7155408801626,205.71554,0.0,957.96495,100.0
1304,254.74601693227547,154.74601,0.0,1097.2364,100.0
1305,181.67583469203308,81.675833,0.0,1170.7446,100.0
1306,93.55951831104102,0.0,6.4404827,1163.5885,100.0
1307,10.412871983755808,0.0,89.587128,1064.0473,100.0
1308,0.0,0.0,100.0,952.93616,100.0
1309,0.0,0.0,100.0,841.82505,100.0
1310,0.0,0.0,100.0,730.71394,100.0
1311,0.0,0.0,100.0,619.60283,100.0
1312,0.0,0.0,100.0,508.49172,100.0
1313,0.0,0.0,100.0,397.3806,100.0
1314,0.0,0.0,100.0,286.26949,100.0
1315,0.0,0.0,100.0,175.15838,100.0
1316,0.0,0.0,82.96976,82.96976,82.96976
1317,0.0,0.0,39.301465,39.301465,39.301465
1318,0.0,0.0,18.616484,18.616484,18.616484
1319,0.0,0.0,8.8183343,8.8183343,8.8183343
1320,1.6878747950277568,0.0,4.1771057,4.1771057,5.8649805
1321,73.72494807518984,0.0,1.978629,1.978629,75.703576
1322,163.68705389378104,63.687052,0.0,59.296976,100.0
1323,240.96671773914537,140.96672,0.0,186.16702,100.0
1324,297.3839656128585,197.38396,0.0,363.81259,100.0
1325,328.34181093226283,228.34181,0.0,569.32021,100.0
1326,331.4907702561743,231.49077,0.0,777.6619,100.0
1327,306.5963267775104,206.59632,0.0,963.59859,100.0
1328,255.5351405303759,155.53514,0.0,1103.5802,100.0
1329,182.3703928483827,82.370391,0.0,1177.7136,100.0
1330,94.15426752599144,0.0,5.8457335,1171.2183,100.0
1331,10.741552233954929,0.0,89.258448,1072.0423,100.0
1332,0.0,0.0,100.0,960.93114,100.0
1333,0.0,0.0,100.0,849.82003,100.0
1334,0.0,0.0,100.0,738.70892,100.0
1335,0.0,0.0,100.0,627.59781,100.0
1336,0.0,0.0,100.0,516.4867,100.0
1337,0.0,0.0,100.0,405.37559,100.0
1338,0.0,0.0,100.0,294.26448,100.0
1339,0.0,0.0,100.0,183.15337,100.0
1340,0.0,0.0,86.756858,86.756858,86.756858
1341,0.0,0.0,41.095354,41.095354,41.095354
1342,0.0,0.0,19.46622,19.46622,19.46622
1343,0.0,0.0,9.2208412,9.2208412,9.2208412
1344,1.9402284742951166,0.0,4.3677669,4.3677669,6.3079953
1345,74.75941781754416,0.0,2.0689422,2.0689422,76.828359
1346,164.79447644814,64.794475,0.0,60.383969,100.0
1347,242.07562412424983,142.07562,0.0,188.25203,100.0
1348,298.4624975166648,198.46249,0.0,366.86827,100.0
1349,329.3659273520301,229.36592,0.0,573.2976,100.0
1350,332.4415777092846,232.44157,0.0,782.49502,100.0
1351,307.4605465911927,207.46054,0.0,969.20951,100.0
1352,256.3057748491323,156.30577,0.0,1109.8847,100.0
1353,183.04642333372584,83.046421,0.0,1184.6265,100.0
1354,94.73284027837248,0.0,5.2671608,1178.7741,100.0
1355,11.06592718255968,0.0,88.934073,1079.9584,100.0
1356,0.0,0.0,100.0,968.84734,100.0
1357,0.0,0.0,100.0,857.73622,100.0
1358,0.0,0.0,100.0,746.62511,100.0
1359,0.0,0.0,100.0,635.514,100.0
1360,0.0,0.0,100.0,524.40289,100.0
1361,0.0,0.0,100.0,413.29178,100.0
1362,0.0,0.0,100.0,302.18067,100.0
1363,0.0,0.0,100.0,191.06956,100.0
1364,0.0,0.0,90.506633,90.506633,90.506633
1365,0.0,0.0,42.871563,42.871563,42.871563
1366,0.0,0.0,20.307582,20.307582,20.307582
1367,0.0,0.0,9.6193811,9.6193811,9.6193811
1368,2.2183974802128734,0.0,4.556549,4.556549,6.7749464
1369,75.80998000868722,0.0,2.1583653,2.1583653,77.968344
1370,165.91185660017598,65.911855,0.0,61.479035,100.0
1371,243.18795873987887,143.18796,0.0,190.34819,100.0
1372,299.53799898430026,199.538,0.0,369.93239,100.0
1373,330.3811526551075,230.38115,0.0,577.27543,100.0
1374,333.378674283714,233.37867,0.0,787.31623,100.0
1375,308.3076346671437,208.30763,0.0,974.7931,100.0
1376,257.0575261950697,157.05752,0.0,1116.1449,100.0
1377,183.70370616907962,83.703704,0.0,1191.4782,100.0
1378,95.29516502666095,0.0,4.704836,1186.2506,100.0
1379,11.385711838782493,0.0,88.614288,1087.7903,100.0
1380,0.0,0.0,100.0,976.67917,100.0
1381,0.0,0.0,100.0,865.56806,100.0
1382,0.0,0.0,100.0,754.45695,100.0
1383,0.0,0.0,100.0,643.34584,100.0
1384,0.0,0.0,100.0,532.23473,100.0
1385,0.0,0.0,100.0,421.12362,100.0
1386,0.0,0.0,100.0,310.01251,100.0
1387,0.0,0.0,100.0,198.9014,100.0
1388,0.0,0.0,94.216451,94.216451,94.216451
1389,0.0,0.0,44.628845,44.628845,44.628845
1390,0.0,0.0,21.139979,21.139979,21.139979
1391,0.0,0.0,10.013674,10.013674,10.013674
1392,2.5233037726972167,0.0,4.7433195,4.7433195,7.2666232
1393,76.87576585060584,0.0,2.2468355,2.2468355,79.122601
1394,167.03820135744178,98.93066,31.892461,55.848362,100.0
1395,244.30272657275955,144.30272,0.0,185.72081,100.0
1396,300.60953358522494,200.60953,0.0,366.26939,100.0
1397,331.3866548840045,231.38665,0.0,574.51738,100.0
1398,334.30136831076334,234.30136,0.0,785.38861,100.0
1399,309.1370646098759,209.13706,0.0,973.61196,100.0
1400,257.7900462023771,157.79004,0.0,1115.623,100.0
1401,184.34206938430833,84.342067,0.0,1191.5309,100.0
1402,95.84121684118318,0.0,4.1587842,1186.91,100.0
1403,11.700666177505285,0.0,88.299334,1088.7996,100.0
1404,0.0,0.0,100.0,977.68851,100.0
1405,0.0,0.0,100.0,866.5774,100.0
1406,0.0,0.0,100.0,755.46628,100.0
1407,0.0,0.0,100.0,644.35517,100.0
1408,0.0,0.0,100.0,533.24406,100.0
1409,0.0,0.0,100.0,422.13295,100.0
1410,0.0,0.0,100.0,311.02184,100.0
1411,0.0,0.0,100.0,199.91073,100.0
1412,0.0,0.0,94.694556,94.694556,94.694556
1413,0.0,0.0,44.855316,44.855316,44.855316
1414,0.0,0.0,21.247255,21.247255,21.247255
1415,0.0,0.0,10.064489,10.064489,10.064489
1416,2.855716880797277,0.0,4.7673896,4.7673896,7.6231064
1417,77.95588011838802,0.0,2.2582372,2.2582372,80.214116
1418,168.17250506484194,120.6974,52.5249,52.5249,100.0
1419,245.4189316092188,145.41893,0.0,183.40194,100.0
1420,301.67617547153554,212.4888,10.812626,362.62783,100.0
1421,332.3816236276847,232.38162,0.0,571.77128,100.0
1422,335.2089992232169,235.209,0.0,783.45938,100.0
1423,309.9483485980668,209.94835,0.0,972.41289,100.0
1424,258.5030298762408,158.50303,0.0,1115.0656,100.0
1425,184.96138605043814,84.961384,0.0,1191.5309,100.0
1426,96.3710137786652,0.0,3.6289873,1187.4987,100.0
1427,12.010592835027712,0.0,87.989407,1089.7326,100.0
1428,0.0,0.0,100.0,978.62153,100.0
1429,0.0,0.0,100.0,867.51042,100.0
1430,0.0,0.0,100.0,756.39931,100.0
1431,0.0,0.0,100.0,645.2882,100.0
1432,0.0,0.0,100.0,534.17709,100.0
1433,0.0,0.0,100.0,423.06598,100.0
1434,0.0,0.0,100.0,311.95487,100.0
1435,0.0,0.0,100.0,200.84375,100.0
1436,0.0,0.0,95.136515,95.136515,95.136515
1437,0.0,0.0,45.064665,45.064665,45.064665
1438,0.0,0.0,21.34642,21.34642,21.34642
1439,0.0,0.0,10.111462,10.111462,10.111462
1440,3.2162473876969147,0.0,4.78964,4.78964,8.0058874
1441,79.04940589072285,0.0,2.2687769,2.2687769,81.318182
1442,169.31375395124675,122.69544,53.381687,53.381687,100.0
1443,246.53558052736673,187.57873,41.043152,176.59904,100.0
1444,302.7370119808683,202.73701,0.0,359.06235,100.0
1445,333.3652712867118,233.36527,0.0,569.09109,100.0
1446,336.1009374238337,236.10093,0.0,781.58193,100.0
1447,310.7410358869763,210.74103,0.0,971.24886,100.0
1448,259.1962128833693,159.19621,0.0,1114.5254,100.0
1449,185.56157055882696,85.561568,0.0,1191.5309,100.0
1450,96.88461268517607,0.0,3.1153884,1188.0693,100.0
1451,12.315334225472235,0.0,87.684666,1090.6419,100.0
1452,0.0,0.0,100.0,979.5308,100.0
1453,0.0,0.0,100.0,868.41969,100.0
1454,0.0,0.0,100.0,757.30858,100.0
1455,0.0,0.0,100.0,646.19747,100.0
1456,0.0,0.0,100.0,535.08635,100.0
1457,0.0,0.0,100.0,423.97524,100.0
1458,0.0,0.0,100.0,312.86413,100.0
1459,0.0,0.0,100.0,201.75302,100.0
1460,0.0,0.0,95.567221,95.567221,95.567221
1461,0.0,0.0,45.268684,45.268684,45.268684
1462,0.0,0.0,21.443061,21.443061,21.443061
1463,0.0,0.0,10.157239,10.157239,10.157239
1464,3.6053437636920895,0.0,4.8113239,4.8113239,8.4166676
1465,80.15540895981225,0.0,2.2790481,2.2790481,82.434456
1466,170.46093018030643,124.70358,54.242656,54.242656,100.0
1467,247.65168598614895,218.54512,70.893433,172.16278,100.0
1468,303.79114581679295,203.79114,0.0,355.57481,100.0
1469,334.33683406214743,234.33683,0.0,566.47796,100.0
1470,336.9765840184138,236.97658,0.0,779.75688,100.0
1471,311.51471131695126,211.51471,0.0,970.12011,100.0
1472,259.86936898477677,159.86937,0.0,1114.0025,100.0
1473,186.1425752575849,86.142573,0.0,1191.5309,100.0
1474,97.38210537036605,0.0,2.6178957,1188.6221,100.0
1475,12.61476978214829,0.0,87.38523,1091.5274,100.0
1476,0.0,0.0,100.0,980.41628,100.0
1477,0.0,0.0,100.0,869.30516,100.0
1478,0.0,0.0,100.0,758.19405,100.0
1479,0.0,0.0,100.0,647.08294,100.0
1480,0.0,0.0,100.0,535.97183,100.0
1481,0.0,0.0,100.0,424.86072,100.0
1482,0.0,0.0,100.0,313.74961,100.0
1483,0.0,0.0,100.0,202.6385,100.0
1484,0.0,0.0,95.986657,95.986657,95.986657
1485,0.0,0.0,45.467364,45.467364,45.467364
1486,0.0,0.0,21.537172,21.537172,21.537172
1487,0.0,0.0,10.201818,10.201818,10.201818
1488,4.0232921508478645,0.0,4.8324403,4.8324403,8.8557324
1489,81.27294138963245,0.0,2.2890507,2.2890507,83.561991
1490,171.61301512798536,126.72006,55.107052,55.107052,100.0
1491,248.76626921682725,248.76627,100.0,167.88558,100.0
1492,304.83769683254917,204.83769,0.0,352.2395,100.0
1493,335.29557277775103,235.63947,0.34389836,563.93292,100.0
1494,337.83537067103333,237.83537,0.0,777.98475,100.0
1495,312.26899427484284,212.26899,0.0,969.02684,100.0
1496,260.52230819387,160.52231,0.0,1113.4969,100.0
1497,186.70438798097373,86.704386,0.0,1191.5309,100.0
1498,97.86361585908335,0.0,2.1363852,1189.1571,100.0
1499,12.908813701205915,0.0,87.091186,1092.3891,100.0
1500,0.0,0.0,100.0,981.278,100.0
1501,0.0,0.0,100.0,870.16689,100.0
1502,0.0,0.0,100.0,759.05578,100.0
1503,0.0,0.0,100.0,647.94467,100.0
1504,0.0,0.0,100.0,536.83356,100.0
1505,0.0,0.0,100.0,425.72245,100.0
1506,0.0,0.0,100.0,314.61134,100.0
1507,0.0,0.0,100.0,203.50022,100.0
1508,0.0,0.0,96.394843,96.394843,96.394843
1509,0.0,0.0,45.660715,45.660715,45.660715
1510,0.0,0.0,21.62876,21.62876,21.62876
1511,0.0,0.0,10.245202,10.245202,10.245202
1512,4.470218554063419,0.0,4.8529904,4.8529904,9.3232089
1513,82.40104398252751,0.0,2.2987849,2.2987849,84.699828
1514,172.7689915370957,128.74311,55.974117,55.974117,100.0
1515,249.87836177999642,149.87836,0.0,190.86464,100.0
1516,305.87580321901936,279.61641,73.740608,360.5854,100.0
1517,336.24077348829337,291.87595,55.635179,561.45689,100.0
1518,338.67675961683574,238.67676,0.0,776.26597,100.0
1519,313.0035381376863,213.00353,0.0,967.96915,100.0
1520,261.154875771759,161.15487,0.0,1113.0085,100.0
1521,187.24703069979333,87.247029,0.0,1191.5309,100.0
1522,98.32929886479154,0.0,1.6707022,1189.6745,100.0
1523,13.197413443211333,0.0,86.802587,1093.2272,100.0
1524,0.0,0.0,100.0,982.11609,100.0
1525,0.0,0.0,100.0,871.00498,100.0
1526,0.0,0.0,100.0,759.89387,100.0
1527,0.0,0.0,100.0,648.78276,100.0
1528,0.0,0.0,100.0,537.67165,100.0
1529,0.0,0.0,100.0,426.56054,100.0
1530,0.0,0.0,100.0,315.44943,100.0
1531,0.0,0.0,100.0,204.33832,100.0
1532,0.0,0.0,96.791834,96.791834,96.791834
1533,0.0,0.0,45.848764,45.848764,45.848764
1534,0.0,0.0,21.717835,21.717835,21.717835
1535,0.0,0.0,10.287396,10.287396,10.287396
1536,4.946092911186551,0.0,4.8729769,4.8729769,9.8190698
1537,83.53874767819124,0.0,2.3082522,2.3082522,85.846999
1538,173.92784469149393,130.77094,56.843101,56.843101,100.0
1539,250.98700649822928,250.987,100.0,171.62029,100.0
1540,306.9046221891773,264.87577,57.971156,345.59609,100.0
1541,337.1717478852178,237.17174,0.0,559.05066,100.0
1542,339.5002438057827,239.50024,0.0,774.60088,100.0
1543,313.71803019340547,213.71803,0.0,966.9471,100.0
1544,261.76695193032924,161.76695,0.0,1112.5374,100.0
1545,187.77055910588962,87.770557,0.0,1191.5309,100.0
1546,98.7793392626525,0.0,1.2206618,1190.1746,100.0
1547,13.480548828651015,0.0,86.519451,1094.0418,100.0
1548,0.0,0.0,100.0,982.93073,100.0
1549,0.0,0.0,100.0,871.81962,100.0
1550,0.0,0.0,100.0,760.70851,100.0
1551,0.0,0.0,100.0,649.5974,100.0
1552,0.0,0.0,100.0,538.48629,100.0
1553,0.0,0.0,100.0,427.37518,100.0
1554,0.0,0.0,100.0,316.26407,100.0
1555,0.0,0.0,100.0,205.15296,100.0
1556,0.0,0.0,97.177716,97.177716,97.177716
1557,0.0,0.0,46.03155,46.03155,46.03155
1558,0.0,0.0,21.804418,21.804418,21.804418
1559,0.0,0.0,10.328409,10.328409,10.328409
1560,5.450734746168143,0.0,4.8924041,4.8924041,10.343139
1561,84.68507422170721,0.0,2.3174546,2.3174546,87.002528
1562,175.08856294179336,132.80181,57.713251,57.713251,100.0
1563,252.09125790844956,252.09126,100.0,173.48427,100.0
1564,307.92333036499707,280.64017,72.716845,345.26393,100.0
1565,338.08783359491906,251.48387,13.396045,556.71492,100.0
1566,340.3053471195147,240.30534,0.0,772.98973,100.0
1567,314.41219177780965,214.41219,0.0,965.9607,100.0
1568,262.35845193640245,162.35845,0.0,1112.0833,100.0
1569,188.27506263397902,88.275061,0.0,1191.5309,100.0
1570,99.21395209813491,0.0,0.78604901,1190.6575,100.0
1571,13.758231448059796,0.0,86.241769,1094.8333,100.0
1572,0.0,0.0,100.0,983.72217,100.0
1573,0.0,0.0,100.0,872.61106,100.0
1574,0.0,0.0,100.0,761.49995,100.0
1575,0.0,0.0,100.0,650.38884,100.0
1576,0.0,0.0,100.0,539.27773,100.0
1577,0.0,0.0,100.0,428.16662,100.0
1578,0.0,0.0,100.0,317.05551,100.0
1579,0.0,0.0,100.0,205.9444,100.0
1580,0.0,0.0,97.552608,97.552608,97.552608
1581,0.0,0.0,46.20913,46.20913,46.20913
1582,0.0,0.0,21.888535,21.888535,21.888535
1583,0.0,0.0,10.368254,10.368254,10.368254
1584,5.983820140450876,0.0,4.911278,4.911278,10.895098
1585,85.83903674240756,0.0,2.3263949,2.3263949,88.165431
1586,176.25013806263226,134.83396,58.583822,58.583822,100.0
1587,253.19018257070712,253.19018,100.0,175.34387,100.0
1588,308.9311239707326,281.14407,72.212948,348.13693,100.0
1589,338.9883942902398,280.56014,41.571753,554.45022,100.0
1590,341.09162437831066,241.09162,0.0,771.43268,100.0
1591,315.08577817343394,215.08577,0.0,965.00987,100.0
1592,262.9293258760445,162.92932,0.0,1111.6463,100.0
1593,188.7606641764592,88.760662,0.0,1191.5309,100.0
1594,99.63338217186215,0.0,0.36661894,1191.1235,100.0
1595,14.030503833958727,0.0,85.969496,1095.6018,100.0
1596,0.0,0.0,100.0,984.49073,100.0
1597,0.0,0.0,100.0,873.37962,100.0
1598,0.0,0.0,100.0,762.26851,100.0
1599,0.0,0.0,100.0,651.1574,100.0
1600,0.0,0.0,100.0,540.04629,100.0
1601,0.0,0.0,100.0,428.93518,100.0
1602,0.0,0.0,100.0,317.82407,100.0
1603,0.0,0.0,100.0,206.71295,100.0
1604,0.0,0.0,97.916662,97.916662,97.916662
1605,0.0,0.0,46.381577,46.381577,46.381577
1606,0.0,0.0,21.970221,21.970221,21.970221
1607,0.0,0.0,10.406947,10.406947,10.406947
1608,6.544889923096223,0.0,4.9296063,4.9296063,11.474496
1609,86.9996405309865,0.0,2.3350767,2.3350767,89.334716
1610,177.41156579784314,136.86563,59.454069,59.454069,100.0
1611,254.2828593539751,253.81994,99.53708,177.29526,100.0
1612,309.92721887116886,281.64212,71.7149,351.08994,100.0
1613,339.8728193854652,296.61492,56.7421,554.99658,100.0
1614,341.8586606834357,254.99727,13.138614,769.89567,100.0
1615,315.73857760379565,215.73857,0.0,964.06039,100.0
1616,263.47955734151236,163.47955,0.0,1111.192,100.0
1617,189.2275184412054,89.227516,0.0,1191.4967,100.0
1618,100.03790227823995,0.03790116,0.0,1191.5309,100.0
1619,14.297437672012727,0.0,85.702562,1096.3058,100.0
1620,0.0,0.0,100.0,985.19468,100.0
1621,0.0,0.0,100.0,874.08357,100.0
1622,0.0,0.0,100.0,762.97246,100.0
1623,0.0,0.0,100.0,651.86135,100.0
1624,0.0,0.0,100.0,540.75023,100.0
1625,0.0,0.0,100.0,429.63912,100.0
1626,0.0,0.0,100.0,318.52801,100.0
1627,0.0,0.0,100.0,207.4169,100.0
1628,0.0,0.0,98.250111,98.250111,98.250111
1629,0.0,0.0,46.539526,46.539526,46.539526
1630,0.0,0.0,22.045039,22.045039,22.045039
1631,0.0,0.0,10.442387,10.442387,10.442387
1632,7.133358962678157,0.0,4.9463937,4.9463937,12.079753
1633,88.16588447058687,0.0,2.3430286,2.3430286,90.508912
1634,178.57184680688823,138.89471,60.322862,60.322862,100.0
1635,255.36837992313903,254.3627,98.994319,179.2556,100.0
1636,310.9108504071964,269.71218,58.801333,356.66175,100.0
1637,340.7405231721085,297.04877,56.308248,561.44092,100.0
1638,342.6060697931903,297.98154,55.375475,768.096,100.0
1639,316.3704088483987,216.37041,0.0,962.82937,100.0
1640,264.0091603600856,164.00916,0.0,1110.4376,100.0
1641,189.67580838746278,89.675806,0.0,1191.1458,100.0
1642,100.42780933285037,0.42780821,0.0,1191.5309,100.0
1643,14.559130637532204,0.0,85.44087,1096.5966,100.0
1644,0.0,0.0,100.0,985.48545,100.0
1645,0.0,0.0,100.0,874.37434,100.0
1646,0.0,0.0,100.0,763.26323,100.0
1647,0.0,0.0,100.0,652.15212,100.0
1648,0.0,0.0,100.0,541.041,100.0
1649,0.0,0.0,100.0,429.92989,100.0
1650,0.0,0.0,100.0,318.81878,100.0
1651,0.0,0.0,100.0,207.70767,100.0
1652,0.0,0.0,98.387844,98.387844,98.387844
1653,0.0,0.0,46.604768,46.604768,46.604768
1654,0.0,0.0,22.075943,22.075943,22.075943
1655,0.0,0.0,10.457026,10.457026,10.457026
1656,7.748526568624626,0.0,4.9533279,4.9533279,12.701854
1657,89.33676342800419,0.0,2.3463132,2.3463132,91.683076
1658,179.72998847686466,140.9162,61.186212,61.186212,100.0
1659,256.4458496939141,254.90143,98.455585,181.20241,100.0
1660,311.88127333016763,282.61914,70.737873,356.962,100.0
1661,341.5909435572301,297.47398,55.883038,562.59631,100.0
1662,343.3334916173691,298.34525,55.011764,769.98286,100.0
1663,316.9811175309829,234.12656,17.145447,961.64627,100.0
1664,264.5181745728127,164.51817,0.0,1109.7126,100.0
1665,190.10573953184237,90.105737,0.0,1190.8078,100.0
1666,100.80341830326654,0.80341718,0.0,1191.5309,100.0
1667,14.815701622836745,0.0,85.184299,1096.8816,100.0
1668,0.0,0.0,100.0,985.77053,100.0
1669,0.0,0.0,100.0,874.65942,100.0
1670,0.0,0.0,100.0,763.54831,100.0
1671,0.0,0.0,100.0,652.43719,100.0
1672,0.0,0.0,100.0,541.32608,100.0
1673,0.0,0.0,100.0,430.21497,100.0
1674,0.0,0.0,100.0,319.10386,100.0
1675,0.0,0.0,100.0,207.99275,100.0
1676,0.0,0.0,98.522882,98.522882,98.522882
1677,0.0,0.0,46.668733,46.668733,46.668733
1678,0.0,0.0,22.106242,22.106242,22.106242
1679,0.0,0.0,10.471378,10.471378,10.471378
1680,8.389588052084482,0.0,4.9601264,4.9601264,13.349714
1681,90.51127195455514,0.0,2.3495335,2.3495335,92.860804
1682,180.8850078293986,142.93219,62.047188,62.047188,100.0
1683,257.5143896469005,255.4357,97.921315,183.13786,100.0
1684,312.83776218760653,283.09739,70.259629,359.85925,100.0
1685,342.4235408283404,297.89028,55.46674,566.33079,100.0
1686,344.04058926563306,276.90135,32.86076,779.03005,100.0
1687,317.57057148388094,285.46379,67.893224,960.51054,100.0
1688,265.0066591265331,165.00666,0.0,1109.0165,100.0
1689,190.51753265177055,90.517531,0.0,1190.4823,100.0
1690,101.165054357904,1.1650532,0.0,1191.5309,100.0
1691,15.067284692395106,0.0,84.932715,1097.1612,100.0
1692,0.0,0.0,100.0,986.05006,100.0
1693,0.0,0.0,100.0,874.93895,100.0
1694,0.0,0.0,100.0,763.82784,100.0
1695,0.0,0.0,100.0,652.71673,100.0
1696,0.0,0.0,100.0,541.60562,100.0
1697,0.0,0.0,100.0,430.49451,100.0
1698,0.0,0.0,100.0,319.3834,100.0
1699,0.0,0.0,100.0,208.27229,100.0
1700,0.0,0.0,98.655294,98.655294,98.655294
1701,0.0,0.0,46.731455,46.731455,46.731455
1702,0.0,0.0,22.135952,22.135952,22.135952
1703,0.0,0.0,10.485451,10.485451,10.485451
1704,9.05564732497448,0.0,4.9667926,4.9667926,14.02244
1705,91.68840931635587,0.0,2.3526912,2.3526912,94.0411
1706,182.03593567389922,144.94101,62.905072,62.905072,100.0
1707,258.57313912674834,255.96508,97.39194,185.06037,100.0
1708,313.7796123737484,283.56831,69.788704,362.72885,100.0
1709,343.2377967300033,298.2974,55.059612,570.01917,100.0
1710,344.727046058991,299.04203,54.314987,778.80701,100.0
1711,318.13865575937643,218.13865,0.0,975.1318,100.0
1712,265.47468586250517,239.89124,74.416558,1108.3488,100.0
1713,190.9114156190816,90.911413,0.0,1190.1691,100.0
1714,101.51304399686764,1.5130429,0.0,1191.5309,100.0
1715,15.31402218534673,0.0,84.685978,1097.4353,100.0
1716,0.0,0.0,100.0,986.32422,100.0
1717,0.0,0.0,100.0,875.21311,100.0
1718,0.0,0.0,100.0,764.102,100.0
1719,0.0,0.0,100.0,652.99088,100.0
1720,0.0,0.0,100.0,541.87977,100.0
1721,0.0,0.0,100.0,430.76866,100.0
1722,0.0,0.0,100.0,319.65755,100.0
1723,0.0,0.0,100.0,208.54644,100.0
1724,0.0,0.0,98.785156,98.785156,98.785156
1725,0.0,0.0,46.792968,46.792968,46.792968
1726,0.0,0.0,22.16509,22.16509,22.16509
1727,0.0,0.0,10.499253,10.499253,10.499253
1728,9.745730244312984,0.0,4.9733305,4.9733305,14.719061
1729,92.86718529360834,0.0,2.3557881,2.3557881,95.222972
1730,183.18182149980495,146.94098,63.759159,63.759159,100.0
1731,259.6212592559593,256.48914,96.86788,186.9684,100.0
1732,314.7061417056146,284.03158,69.325439,365.56856,100.0
1733,344.03321391821135,298.69511,54.661903,573.65871,100.0
1734,345.3925627768302,299.37479,53.982229,783.11577,100.0
1735,318.68526773032505,286.02114,67.335876,965.71715,100.0
1736,265.9223325463935,200.68211,34.759779,1107.7091,100.0
1737,191.2876150941468,91.287613,0.0,1189.8679,100.0
1738,101.84770606135474,1.8477049,0.0,1191.5309,100.0
1739,15.556057586943323,0.0,84.443943,1097.7043,100.0
1740,0.0,0.0,100.0,986.59315,100.0
1741,0.0,0.0,100.0,875.48203,100.0
1742,0.0,0.0,100.0,764.37092,100.0
1743,0.0,0.0,100.0,653.25981,100.0
1744,0.0,0.0,100.0,542.1487,100.0
1745,0.0,0.0,100.0,431.03759,100.0
1746,0.0,0.0,100.0,319.92648,100.0
1747,0.0,0.0,100.0,208.81537,100.0
1748,0.0,0.0,98.912543,98.912543,98.912543
1749,0.0,0.0,46.85331,46.85331,46.85331
1750,0.0,0.0,22.193673,22.193673,22.193673
1751,0.0,0.0,10.512792,10.512792,10.512792
1752,10.458798101664437,0.0,4.9797438,4.9797438,15.438542
1753,94.04662606186355,0.0,2.358826,2.358826,96.405451
1754,184.32173840105452,148.9305,64.608761,64.608761,100.0
1755,260.6579365074857,257.00747,96.349541,188.86044,100.0
1756,315.6166922071364,284.48685,68.870164,368.37621,100.0
1757,344.80931576529025,299.08316,54.273852,577.24677,100.0
1758,346.03685539180077,299.69693,53.660082,787.3517,100.0
1759,319.21031284367007,286.28366,67.073353,970.48105,100.0
1760,266.34967683914266,166.34967,0.0,1120.1958,100.0
1761,191.64634920130618,153.69432,62.047969,1189.5785,100.0
1762,102.16934369766884,2.1693426,0.0,1191.5309,100.0
1763,15.793529012302285,0.0,84.206471,1097.9681,100.0
1764,0.0,0.0,100.0,986.857,100.0
1765,0.0,0.0,100.0,875.74589,100.0
1766,0.0,0.0,100.0,764.63478,100.0
1767,0.0,0.0,100.0,653.52367,100.0
1768,0.0,0.0,100.0,542.41256,100.0
1769,0.0,0.0,100.0,431.30145,100.0
1770,0.0,0.0,100.0,320.19034,100.0
1771,0.0,0.0,100.0,209.07923,100.0
1772,0.0,0.0,99.037528,99.037528,99.037528
1773,0.0,0.0,46.912513,46.912513,46.912513
1774,0.0,0.0,22.221717,22.221717,22.221717
1775,0.0,0.0,10.526076,10.526076,10.526076
1776,11.188883160568187,0.0,4.9860362,4.9860362,16.174919
1777,95.21211205759052,0.0,2.3618066,2.3618066,97.573918
1778,185.43834404579746,150.87934,65.440994,65.440994,100.0
1779,261.6647366756428,257.51087,95.846141,190.70507,100.0
1780,316.4923967533497,284.9247,68.432311,371.1014,100.0
1781,345.54716056420324,299.45209,53.90493,580.71391,100.0
1782,346.6411588646969,299.99909,53.357931,791.4265,100.0
1783,319.6954371469208,281.18003,61.4846,976.17231,100.0
1784,266.7390810274221,260.04805,93.308969,1106.5389,100.0
1785,191.9712494909545,91.971247,0.0,1189.313,100.0
1786,102.46424436331593,2.4642432,0.0,1191.5309,100.0
1787,16.020525420815307,0.0,83.979475,1098.2203,100.0
1788,0.0,0.0,100.0,987.10922,100.0
1789,0.0,0.0,100.0,875.99811,100.0
1790,0.0,0.0,100.0,764.887,100.0
1791,0.0,0.0,100.0,653.77589,100.0
1792,0.0,0.0,100.0,542.66478,100.0
1793,0.0,0.0,100.0,431.55367,100.0
1794,0.0,0.0,100.0,320.44255,100.0
1795,0.0,0.0,100.0,209.33144,100.0
1796,0.0,0.0,99.156999,99.156999,99.156999
1797,0.0,0.0,46.969105,46.969105,46.969105
1798,0.0,0.0,22.248523,22.248523,22.248523
1799,0.0,0.0,10.538774,10.538774,10.538774
1800,11.934301854409975,0.0,4.992051,4.992051,16.926353
1801,96.36262254534823,0.0,2.3646557,2.3646557,98.727277
1802,186.53077108600465,152.78592,66.25515,66.25515,100.0
1803,262.64093368475636,257.99897,95.358043,192.50084,100.0
1804,317.3326898389407,285.34485,68.012165,373.74214,100.0
1805,346.2463585595689,299.80169,53.555331,584.05773,100.0
1806,347.20526416895757,300.28114,53.075878,795.33756,100.0
1807,320.1406052356641,286.74881,66.608207,979.40237,100.0
1808,267.0906635656699,179.58511,12.494447,1127.1462,100.0
1809,192.262553900617,192.26255,100.0,1189.0714,100.0
1810,102.73269892892307,2.7326978,0.0,1191.5309,100.0
1811,16.237061106999292,0.0,83.762939,1098.4609,100.0
1812,0.0,0.0,100.0,987.34982,100.0
1813,0.0,0.0,100.0,876.23871,100.0
1814,0.0,0.0,100.0,765.12759,100.0
1815,0.0,0.0,100.0,654.01648,100.0
1816,0.0,0.0,100.0,542.90537,100.0
1817,0.0,0.0,100.0,431.79426,100.0
1818,0.0,0.0,100.0,320.68315,100.0
1819,0.0,0.0,100.0,209.57204,100.0
1820,0.0,0.0,99.270966,99.270966,99.270966
1821,0.0,0.0,47.023089,47.023089,47.023089
1822,0.0,0.0,22.274095,22.274095,22.274095
1823,0.0,0.0,10.550887,10.550887,10.550887
1824,12.698602947258545,0.0,4.9977886,4.9977886,17.696391
1825,97.51089998362121,0.0,2.3673735,2.3673735,99.878272
1826,187.614632025933,154.67746,67.062832,67.062832,100.0
1827,263.6034683945105,258.48024,94.876775,194.27641,100.0
1828,318.1552480829297,285.75613,67.600886,376.34483,100.0
1829,346.92500333759074,300.14101,53.216008,587.34284,100.0
1830,347.7474441865269,300.55223,52.804788,799.16786,100.0
1831,320.56402237938033,286.96052,66.396499,983.65844,100.0
1832,267.42221907054784,260.38962,92.9674,1114.712,100.0
1833,192.53702954080657,123.15808,30.621057,1191.5309,100.0
1834,102.98895282068028,15.731325,12.742373,1191.5309,100.0
1835,16.449251527446457,0.0,83.550749,1098.6967,100.0
1836,0.0,0.0,100.0,987.58558,100.0
1837,0.0,0.0,100.0,876.47447,100.0
1838,0.0,0.0,100.0,765.36336,100.0
1839,0.0,0.0,100.0,654.25225,100.0
1840,0.0,0.0,100.0,543.14114,100.0
1841,0.0,0.0,100.0,432.03003,100.0
1842,0.0,0.0,100.0,320.91892,100.0
1843,0.0,0.0,100.0,209.80781,100.0
1844,0.0,0.0,99.382645,99.382645,99.382645
1845,0.0,0.0,47.07599,47.07599,47.07599
1846,0.0,0.0,22.299153,22.299153,22.299153
1847,0.0,0.0,10.562757,10.562757,10.562757
1848,13.480627437547728,0.0,5.0034111,5.0034111,18.484038
1849,98.65608194343835,1.7886455,3.1325646,3.1325646,100.0
1850,188.68913227711417,157.18225,68.493123,68.493123,100.0
1851,264.5516598672342,258.95434,94.40268,196.66016,100.0
1852,318.95953392551877,286.15827,67.198743,379.53734,100.0
1853,347.5827163613518,300.46986,52.887152,591.19671,100.0
1854,348.2674825097004,300.81225,52.544769,803.54466,100.0
1855,320.96562535915825,287.16132,66.195697,988.43907,100.0
1856,267.73381730433846,230.17866,62.444847,1126.2167,100.0
1857,192.79484803518028,192.79485,100.0,1188.621,100.0
1858,103.23323222256707,3.2332311,0.0,1191.5309,100.0
1859,16.65719947267981,0.0,83.342801,1098.9277,100.0
1860,0.0,0.0,100.0,987.81664,100.0
1861,0.0,0.0,100.0,876.70553,100.0
1862,0.0,0.0,100.0,765.59441,100.0
1863,0.0,0.0,100.0,654.4833,100.0
1864,0.0,0.0,100.0,543.37219,100.0
1865,0.0,0.0,100.0,432.26108,100.0
1866,0.0,0.0,100.0,321.14997,100.0
1867,0.0,0.0,100.0,210.03886,100.0
1868,0.0,0.0,99.492091,99.492091,99.492091
1869,0.0,0.0,47.127833,47.127833,47.127833
1870,0.0,0.0,22.32371,22.32371,22.32371
1871,0.0,0.0,10.574389,10.574389,10.574389
1872,14.279205341070886,0.0,5.0089211,5.0089211,19.288126
1873,99.7973349845912,3.7825352,3.9852013,3.9852013,100.0
1874,189.7535122629301,159.74161,69.988096,69.988096,100.0
1875,265.48486341405834,259.42094,93.936078,199.09352,100.0
1876,319.74504445755593,286.55103,66.805988,382.76057,100.0
1877,348.21914985641195,300.78808,52.568935,595.05992,100.0
1878,348.76518770911224,301.0611,52.295916,807.90833,100.0
1879,321.34536870573805,287.35119,66.005825,993.1846,100.0
1880,268.0255376190604,260.69128,92.665741,1124.8448,100.0
1881,193.0361822060637,173.78282,80.746645,1191.5309,100.0
1882,103.46575691046093,18.24082,14.775064,1191.5309,100.0
1883,16.861003972691545,0.0,83.138996,1099.1542,100.0
1884,0.0,0.0,100.0,988.04309,100.0
1885,0.0,0.0,100.0,876.93198,100.0
1886,0.0,0.0,100.0,765.82086,100.0
1887,0.0,0.0,100.0,654.70975,100.0
1888,0.0,0.0,100.0,543.59864,100.0
1889,0.0,0.0,100.0,432.48753,100.0
1890,0.0,0.0,100.0,321.37642,100.0
1891,0.0,0.0,100.0,210.26531,100.0
1892,0.0,0.0,99.599357,99.599357,99.599357
1893,0.0,0.0,47.178643,47.178643,47.178643
1894,0.0,0.0,22.347778,22.347778,22.347778
1895,0.0,0.0,10.58579,10.58579,10.58579
1896,15.093159360660255,0.0,5.0143214,5.0143214,20.107481
1897,100.93385044242446,5.7680761,4.8342268,4.8342268,100.0
1898,190.8070435511208,162.27907,71.472025,71.472025,100.0
1899,266.4024678188726,264.8273,98.424832,200.45567,100.0
1900,320.5113102119462,286.93416,66.422855,384.89324,100.0
1901,348.8339874281008,301.0955,52.261516,597.81084,100.0
1902,349.2403959035008,301.2987,52.058312,811.1371,100.0
1903,321.7032291851252,287.53012,65.826895,996.77322,100.0
1904,268.2974751961347,260.82724,92.529772,1128.7069,100.0
1905,193.26121362985165,193.26121,100.0,1191.5309,100.0
1906,103.68674848479428,19.403933,15.717186,1191.5309,100.0
1907,17.060765653147936,0.0,82.939235,1099.3762,100.0
1908,0.0,0.0,100.0,988.26504,100.0
1909,0.0,0.0,100.0,877.15393,100.0
1910,0.0,0.0,100.0,766.04282,100.0
1911,0.0,0.0,100.0,654.93171,100.0
1912,0.0,0.0,100.0,543.8206,100.0
1913,0.0,0.0,100.0,432.70949,100.0
1914,0.0,0.0,100.0,321.59838,100.0
1915,0.0,0.0,100.0,210.48727,100.0
1916,0.0,0.0,99.704494,99.704494,99.704494
1917,0.0,0.0,47.228445,47.228445,47.228445
1918,0.0,0.0,22.371369,22.371369,22.371369
1919,0.0,0.0,10.596964,10.596964,10.596964
1920,15.92130579580127,0.0,5.0196145,5.0196145,20.94092
1921,102.06483765457654,7.7438922,5.6790557,5.6790557,100.0
1922,191.84902236593982,164.79293,72.943905,72.943905,100.0
1923,267.30389014944876,260.33045,93.026564,203.87846,100.0
1924,321.2578917083249,287.30745,66.049564,389.06676,100.0
1925,349.4269426428919,329.83393,80.406996,596.5762,100.0
1926,349.6929714880437,301.52499,51.832024,810.35755,100.0
1927,322.03920862955613,287.69811,65.658906,996.33151,100.0
1928,268.54974576444994,260.95338,92.403637,1128.5188,100.0
1929,193.47013886858133,193.47014,100.0,1191.5309,100.0
1930,103.89643732136875,20.507559,16.611123,1191.5309,100.0
1931,17.256591462772562,0.0,82.743409,1099.5937,100.0
1932,0.0,0.0,100.0,988.48263,100.0
1933,0.0,0.0,100.0,877.37152,100.0
1934,0.0,0.0,100.0,766.26041,100.0
1935,0.0,0.0,100.0,655.14929,100.0
1936,0.0,0.0,100.0,544.03818,100.0
1937,0.0,0.0,100.0,432.92707,100.0
1938,0.0,0.0,100.0,321.81596,100.0
1939,0.0,0.0,100.0,210.70485,100.0
1940,0.0,0.0,99.807561,99.807561,99.807561
1941,0.0,0.0,47.277266,47.277266,47.277266
1942,0.0,0.0,22.394494,22.394494,22.394494
1943,0.0,0.0,10.607918,10.607918,10.607918
1944,16.76245350336986,0.0,5.0248034,5.0248034,21.787257
1945,103.18951598170675,9.708625,6.5191102,6.5191102,100.0
1946,192.87876201383446,167.28151,74.402747,74.402747,100.0
1947,268.18856945534753,268.18857,100.0,204.66135,100.0
1948,321.98437491441143,287.67069,65.686322,390.58017,100.0
1949,349.9977564970955,345.48211,95.48436,595.42034,100.0
1950,350.12280671562263,301.73991,51.617107,809.63391,100.0
1951,322.35333556770985,287.85517,65.501842,995.92375,100.0
1952,268.7824890281168,261.06975,92.287265,1128.3451,100.0
1953,193.66317432728724,193.66317,100.0,1191.5309,100.0
1954,104.0950682102391,21.552984,17.457917,1191.5309,100.0
1955,17.44859853875315,0.0,82.551402,1099.8071,100.0
1956,0.0,0.0,100.0,988.69597,100.0
1957,0.0,0.0,100.0,877.58486,100.0
1958,0.0,0.0,100.0,766.47375,100.0
1959,0.0,0.0,100.0,655.36264,100.0
1960,0.0,0.0,100.0,544.25152,100.0
1961,0.0,0.0,100.0,433.14041,100.0
1962,0.0,0.0,100.0,322.0293,100.0
1963,0.0,0.0,100.0,210.91819,100.0
1964,0.0,0.0,99.908617,99.908617,99.908617
1965,0.0,0.0,47.325134,47.325134,47.325134
1966,0.0,0.0,22.417169,22.417169,22.417169
1967,0.0,0.0,10.618659,10.618659,10.618659
1968,17.61540221730934,0.0,5.0298911,5.0298911,22.645293
1969,104.30710755070406,11.660921,7.3538148,7.3538148,100.0
1970,193.8955860704152,169.74316,75.847575,75.847575,100.0
1971,269.0559611743272,269.05596,100.0,206.88683,100.0
1972,322.69036724066143,322.69036,100.0,386.19704,100.0
1973,350.54619521700266,332.71015,82.16396,594.34289,100.0
1974,350.5298213466807,301.94342,51.413599,808.96574,100.0
1975,322.645666630139,288.00134,65.355677,995.54953,100.0
1976,268.99587164596437,261.17644,92.180574,1128.1855,100.0
1977,193.84056037935852,193.84056,100.0,1191.5309,100.0
1978,104.28290508908788,22.5416,18.258696,1191.5309,100.0
1979,17.63691754272296,0.0,82.363083,1100.0163,100.0
1980,0.0,0.0,100.0,988.90521,100.0
1981,0.0,0.0,100.0,877.7941,100.0
1982,0.0,0.0,100.0,766.68299,100.0
1983,0.0,0.0,100.0,655.57188,100.0
1984,0.0,0.0,100.0,544.46077,100.0
1985,0.0,0.0,100.0,433.34966,100.0
1986,0.0,0.0,100.0,322.23855,100.0
1987,0.0,0.0,100.0,211.12743,100.0
1988,0.0,0.0,100.0,100.01632,100.0
1989,0.0,0.0,47.376153,47.376153,47.376153
1990,0.0,0.0,22.441336,22.441336,22.441336
1991,0.0,0.0,10.630106,10.630106,10.630106
1992,18.478941523706702,0.0,5.0353136,5.0353136,23.514255
1993,105.41683228295409,13.599781,8.1829499,8.1829499,100.0
1994,194.89882383011246,172.17653,77.277707,77.277707,100.0
1995,269.9055336076389,269.90553,100.0,209.08157,100.0
1996,323.37549526833334,323.37549,100.0,389.0084,100.0
1997,351.07204936019997,351.07205,100.0,593.86213,100.0
1998,350.91396314167497,304.59272,53.678756,808.35252,100.0
1999,322.9162883564864,288.13665,65.220366,995.20843,100.0
2000,269.19009012965086,261.27355,92.083464,1128.0397,100.0
2001,194.0025651600685,194.00256,100.0,1191.5309,100.0
2002,104.46023519247916,23.474916,19.014682,1191.5309,100.0
2003,17.82169552686865,0.0,82.178305,1100.2216,100.0
2004,0.0,0.0,100.0,989.11052,100.0
2005,0.0,0.0,100.0,877.99941,100.0
2006,0.0,0.0,100.0,766.8883,100.0
2007,0.0,0.0,100.0,655.77719,100.0
2008,0.0,0.0,100.0,544.66608,100.0
2009,0.0,0.0,100.0,433.55497,100.0
2010,0.0,0.0,100.0,322.44385,100.0
2011,0.0,0.0,100.0,211.33274,100.0
2012,0.0,0.0,100.0,100.22163,100.0
2013,0.0,0.0,47.473405,47.473405,47.473405
2014,0.0,0.0,22.487402,22.487402,22.487402
2015,0.0,0.0,10.651927,10.651927,10.651927
2016,19.351851313777196,0.0,5.0456498,5.0456498,24.397501
2017,106.51790585502965,15.527618,9.0097134,9.0097134,100.0
2018,195.8878086350403,174.5831,78.695289,78.695289,100.0
2019,270.7367668262876,270.73676,100.0,211.24727,100.0
2020,324.03940442636315,324.0394,100.0,391.77162,100.0
2021,351.57513429271955,351.57513,100.0,597.07812,100.0
2022,351.2752091285025,302.31611,51.040905,812.4505,100.0
2023,323.16531916734436,302.31594,79.150623,996.58971,100.0
2024,269.36537343581136,269.36537,100.0,1127.9074,100.0
2025,194.14948752974388,194.14949,100.0,1191.5309,100.0
2026,104.6273721864519,24.354584,19.727213,1191.5309,100.0
2027,18.003098087930105,0.0,81.996902,1100.4232,100.0
2028,0.0,0.0,100.0,989.31208,100.0
2029,0.0,0.0,100.0,878.20097,100.0
2030,0.0,0.0,100.0,767.08986,100.0
2031,0.0,0.0,100.0,655.97875,100.0
2032,0.0,0.0,100.0,544.86764,100.0
2033,0.0,0.0,100.0,433.75652,100.0
2034,0.0,0.0,100.0,322.64541,100.0
2035,0.0,0.0,100.0,211.5343,100.0
2036,0.0,0.0,100.0,100.42319,100.0
2037,0.0,0.0,47.56888,47.56888,47.56888
2038,0.0,0.0,22.532627,22.532627,22.532627
2039,0.0,0.0,10.67335,10.67335,10.67335
2040,20.23290383690895,0.0,5.0557973,5.0557973,25.288701
2041,107.60954034227707,17.438846,9.8293066,9.8293066,100.0
2042,196.86187856701846,176.95774,80.095868,80.095868,100.0
2043,271.5491535769498,271.54915,100.0,213.37899,100.0
2044,324.6817600314483,324.68176,100.0,394.48146,100.0
2045,352.0552913850595,352.05529,100.0,600.22011,100.0
2046,351.61356691752525,308.41453,56.800967,814.681,100.0
2047,323.39291077834724,323.39291,100.0,994.62351,100.0
2048,269.52198441394836,261.4395,91.917517,1127.7885,100.0
2049,194.28165854844025,194.28166,100.0,1191.5309,100.0
2050,104.78465752348225,25.182402,20.397746,1191.5309,100.0
2051,18.18131027814583,0.0,81.81869,1100.6212,100.0
2052,0.0,0.0,100.0,989.51009,100.0
2053,0.0,0.0,100.0,878.39898,100.0
2054,0.0,0.0,100.0,767.28787,100.0
2055,0.0,0.0,100.0,656.17676,100.0
2056,0.0,0.0,100.0,545.06565,100.0
2057,0.0,0.0,100.0,433.95454,100.0
2058,0.0,0.0,100.0,322.84343,100.0
2059,0.0,0.0,100.0,211.73232,100.0
2060,0.0,0.0,100.0,100.6212,100.0
2061,0.0,0.0,47.662676,47.662676,47.662676
2062,0.0,0.0,22.577057,22.577057,22.577057
2063,0.0,0.0,10.694395,10.694395,10.694395
2064,21.120867032334132,0.0,5.0657662,5.0657662,26.186633
2065,108.69094670569625,19.332097,10.641152,10.641152,100.0
2066,197.8203787801037,179.29886,81.478479,81.478479,100.0
2067,272.34220124724334,272.3422,100.0,215.47535,100.0
2068,325.3022488857338,325.30225,100.0,397.13626,100.0
2069,352.5123891490556,352.51239,100.0,603.28629,100.0
2070,351.9290753625945,351.92907,100.0,808.91134,100.0
2071,323.59924838644724,298.3095,74.710258,994.3785,100.0
2072,269.66021956413505,261.50862,91.8484,1127.6825,100.0
2073,194.3994409009089,194.39944,100.0,1191.5309,100.0
2074,104.93245968530367,25.960308,21.027849,1191.5309,100.0
2075,18.35653597581427,0.0,81.643464,1100.8159,100.0
2076,0.0,0.0,100.0,989.70479,100.0
2077,0.0,0.0,100.0,878.59368,100.0
2078,0.0,0.0,100.0,767.48257,100.0
2079,0.0,0.0,100.0,656.37146,100.0
2080,0.0,0.0,100.0,545.26034,100.0
2081,0.0,0.0,100.0,434.14923,100.0
2082,0.0,0.0,100.0,323.03812,100.0
2083,0.0,0.0,100.0,211.92701,100.0
2084,0.0,0.0,100.0,100.8159,100.0
2085,0.0,0.0,47.7549,47.7549,47.7549
2086,0.0,0.0,22.620742,22.620742,22.620742
2087,0.0,0.0,10.715088,10.715088,10.715088
2088,22.014508596770217,0.0,5.0755681,5.0755681,27.090076
2089,109.76133825839202,21.206011,11.444674,11.444674,100.0
2090,198.7626645026156,181.60483,82.842168,82.842168,100.0
2091,273.1154342407612,273.11543,100.0,217.53494,100.0
2092,325.90058082835446,325.90058,100.0,399.73435,100.0
2093,352.946323914013,352.94632,100.0,606.27493,100.0
2094,352.22180433918845,352.2218,100.0,812.16344,100.0
2095,323.7845495979673,315.70436,91.919814,994.16424,100.0
2096,269.78040725495555,261.56871,91.788306,1127.5891,100.0
2097,194.5032265210999,194.50322,100.0,1191.5309,100.0
2098,105.07117154693971,31.462842,26.391671,1190.5233,100.0
2099,18.52899600000902,0.0,81.471004,1100.0,100.0
2100,0.0,0.0,100.0,988.88889,100.0
2101,0.0,0.0,100.0,877.77778,100.0
2102,0.0,0.0,100.0,766.66667,100.0
2103,0.0,0.0,100.0,655.55556,100.0
2104,0.0,0.0,100.0,544.44444,100.0
2105,0.0,0.0,100.0,433.33333,100.0
2106,0.0,0.0,100.0,322.22222,100.0
2107,0.0,0.0,100.0,211.11111,100.0
2108,0.0,0.0,100.0,100.0,100.0
2109,0.0,0.0,47.368421,47.368421,47.368421
2110,0.0,0.0,22.437673,22.437673,22.437673
2111,0.0,0.0,10.628371,10.628371,10.628371
2112,22.91260024828901,0.0,5.0344918,5.0344918,27.947092
2113,110.8199343542784,23.017354,12.197421,12.197421,100.0
2114,199.68810413951516,183.83952,84.151414,84.151414,100.0
2115,273.8683962356061,273.86839,100.0,219.52186,100.0
2116,326.47648999182735,326.47649,100.0,402.23958,100.0
2117,353.35702,353.35702,100.0,609.14979,100.0
2118,352.4918538418701,352.49185,100.0,815.28134,100.0
2119,323.94906254350053,323.94906,100.0,995.72438,100.0
2120,269.88290497648654,269.8829,100.0,1127.5079,100.0
2121,194.59343330429965,194.59343,100.0,1191.5309,100.0
2122,105.20120683332513,27.374767,22.173561,1191.5309,100.0
2123,18.698925542434683,0.0,81.301075,1101.1963,100.0
2124,0.0,0.0,100.0,990.08522,100.0
2125,0.0,0.0,100.0,878.97411,100.0
2126,0.0,0.0,100.0,767.863,100.0
2127,0.0,0.0,100.0,656.75189,100.0
2128,0.0,0.0,100.0,545.64078,100.0
2129,0.0,0.0,100.0,434.52967,100.0
2130,0.0,0.0,100.0,323.41855,100.0
2131,0.0,0.0,100.0,212.30744,100.0
2132,0.0,0.0,100.0,101.19633,100.0
2133,0.0,0.0,47.935105,47.935105,47.935105
2134,0.0,0.0,22.706102,22.706102,22.706102
2135,0.0,0.0,10.755522,10.755522,10.755522
