Entity,Code,Year,Solar photovoltaic module price,Solar photovoltaic cumulative capacity
World,OWID_WRL,1975,130.70473,0.54
World,OWID_WRL,1976,98.34036,1.08
World,OWID_WRL,1977,71.74392,2.16
World,OWID_WRL,1978,50.75924,3.51
World,OWID_WRL,1979,42.64987,5.235
World,OWID_WRL,1980,36.14291,7.965
World,OWID_WRL,1981,28.896935,12.88
World,OWID_WRL,1982,25.963253,19.405
World,OWID_WRL,1983,20.960136,29.255
World,OWID_WRL,1984,19.476034,46.705
World,OWID_WRL,1985,17.003012,66.455
World,OWID_WRL,1986,14.06487,89.155
World,OWID_WRL,1987,11.957518,113.655
World,OWID_WRL,1988,11.168822,140.6
World,OWID_WRL,1989,11.542489,173.35
World,OWID_WRL,1990,11.93852,212.3
World,OWID_WRL,1991,11.059409,257.15
World,OWID_WRL,1992,10.303393,309.05
World,OWID_WRL,1993,9.635483,365.9
World,OWID_WRL,1994,9.114998,423.75
World,OWID_WRL,1995,8.427791,489.25
World,OWID_WRL,1996,7.879105,565
World,OWID_WRL,1997,7.8516297,650.8
World,OWID_WRL,1998,7.075107,771
World,OWID_WRL,1999,6.5357065,914.5
World,OWID_WRL,2000,6.413889,1103
World,OWID_WRL,2001,6.2051206,1373
World,OWID_WRL,2002,5.6747065,1738.5
World,OWID_WRL,2003,5.3948364,2229.2056
World,OWID_WRL,2004,4.5209866,2919.536
World,OWID_WRL,2005,4.569292,4394.98
World,OWID_WRL,2006,4.9805,5918.051
World,OWID_WRL,2007,5.0173874,8276.802
World,OWID_WRL,2008,4.572692,14451.045
World,OWID_WRL,2009,3.0563195,22507.973
World,OWID_WRL,2010,2.388455,39915.133
World,OWID_WRL,2011,1.9594005,71700.945
World,OWID_WRL,2012,1.0559267,100908.08
World,OWID_WRL,2013,0.81395847,136388.8
World,OWID_WRL,2014,0.75022864,174794.47
World,OWID_WRL,2015,0.697721,222507.98
World,OWID_WRL,2016,0.64478046,294246.06
World,OWID_WRL,2017,0.5409895,388746.47
World,OWID_WRL,2018,0.48153684,483658.25
World,OWID_WRL,2019,0.44111046,585589.94
World,OWID_WRL,2020,0.34971163,717680.6
World,OWID_WRL,2021,0.31517783,862526.4
World,OWID_WRL,2022,0.34740946,1060925.5
World,OWID_WRL,2023,0.3056964,1405989.1