{
  "chart": {
    "title": "Solar (photovoltaic) panel prices vs. cumulative capacity",
    "subtitle": "Learning curve for solar panels. This data is expressed in US dollars per watt, adjusted for inflation. Cumulative installed solar capacity is measured in megawatts.",
    "note": "Data is expressed in constant 2023 US$ per watt.",
    "citation": "IRENA (2024); Nemet (2009); Farmer and Lafond (2016)",
    "originalChartUrl": "https://ourworldindata.org/grapher/solar-pv-prices-vs-cumulative-capacity?v=1&csvType=filtered&useColumnShortNames=false",
    "selection": [
      "World"
    ]
  },
  "columns": {
    "Solar photovoltaic module price": {
      "titleShort": "Solar photovoltaic module price",
      "titleLong": "Solar photovoltaic module price",
      "descriptionKey": [
        "IRENA presents solar photovoltaic module prices for a number of different technologies. Here we use the average yearly price for technologies 'Thin film a-Si/u-Si or Global Price Index (from Q4 2013)'."
      ],
      "shortUnit": "$/W",
      "unit": "constant 2023 US$ per watt",
      "timespan": "1975-2023",
      "type": "Numeric",
      "owidVariableId": 997973,
      "shortName": "cost",
      "lastUpdated": "2024-11-15",
      "nextUpdate": "2025-11-15",
      "citationShort": "IRENA (2024); Nemet (2009); Farmer and Lafond (2016) – with major processing by Our World in Data",
      "citationLong": "IRENA (2024); Nemet (2009); Farmer and Lafond (2016) – with major processing by Our World in Data. “Solar photovoltaic module price” [dataset]. IRENA, “Renewable Power Generation Costs”; Nemet, “Interim monitoring of cost dynamics for publicly supported energy technologies”; Farmer and Lafond, “How predictable is technological progress?” [original data].",
      "fullMetadata": "https://api.ourworldindata.org/v1/indicators/997973.metadata.json"
    },
    "Solar photovoltaic cumulative capacity": {
      "titleShort": "Solar photovoltaic cumulative capacity",
      "titleLong": "Solar photovoltaic cumulative capacity",
      "descriptionShort": "Solar photovoltaic (on-grid) electricity installed capacity, measured in megawatts.",
      "shortUnit": "MW",
      "unit": "megawatts",
      "timespan": "1975-2023",
      "type": "Numeric",
      "owidVariableId": 997974,
      "shortName": "cumulative_capacity",
      "lastUpdated": "2024-11-15",
      "nextUpdate": "2025-11-15",
      "citationShort": "Nemet (2009); IRENA (2024) – with major processing by Our World in Data",
      "citationLong": "Nemet (2009); IRENA (2024) – with major processing by Our World in Data. “Solar photovoltaic cumulative capacity” [dataset]. Nemet, “Interim monitoring of cost dynamics for publicly supported energy technologies”; IRENA, “Renewable Capacity Statistics” [original data].",
      "fullMetadata": "https://api.ourworldindata.org/v1/indicators/997974.metadata.json"
    }
  },
  "dateDownloaded": "2025-07-12",
  "activeFilters": {}
}