Result_ID,Country,Year,Tech,Availability,Component,Value
0,United Kingdom,2024,Wind+BESS,0.05,Wind CAPEX,62.63075144380064
0,United Kingdom,2024,Wind+BESS,0.05,BESS Energy CAPEX,0.0
0,United Kingdom,2024,Wind+BESS,0.05,BESS Power CAPEX,0.0
0,United Kingdom,2024,Wind+BESS,0.05,Augmentation,0.0
0,United Kingdom,2024,Wind+BESS,0.05,Opex,23.44569863013698
0,United Kingdom,2024,Wind+BESS,0.05,Total,86.07645007393762
0,United Kingdom,2030,Wind+BESS,0.05,Wind CAPEX,50.00095985133057
0,United Kingdom,2030,Wind+BESS,0.05,BESS Energy CAPEX,0.0
0,United Kingdom,2030,Wind+BESS,0.05,BESS Power CAPEX,0.0
0,United Kingdom,2030,Wind+BESS,0.05,Augmentation,0.0
0,United Kingdom,2030,Wind+BESS,0.05,Opex,23.44569863013698
0,United Kingdom,2030,Wind+BESS,0.05,Total,73.44665848146755
2,United Kingdom,2024,Wind+BESS,0.1,Wind CAPEX,59.15126525247838
2,United Kingdom,2024,Wind+BESS,0.1,BESS Energy CAPEX,0.0
2,United Kingdom,2024,Wind+BESS,0.1,BESS Power CAPEX,0.0
2,United Kingdom,2024,Wind+BESS,0.1,Augmentation,0.0
2,United Kingdom,2024,Wind+BESS,0.1,Opex,22.1671598173516
2,United Kingdom,2024,Wind+BESS,0.1,Total,81.31842506982998
2,United Kingdom,2030,Wind+BESS,0.1,Wind CAPEX,47.22312874847888
2,United Kingdom,2030,Wind+BESS,0.1,BESS Energy CAPEX,0.0
2,United Kingdom,2030,Wind+BESS,0.1,BESS Power CAPEX,0.0
2,United Kingdom,2030,Wind+BESS,0.1,Augmentation,0.0
2,United Kingdom,2030,Wind+BESS,0.1,Opex,22.1671598173516
2,United Kingdom,2030,Wind+BESS,0.1,Total,69.39028856583047
4,United Kingdom,2024,Wind+BESS,0.15,Wind CAPEX,60.31109398291914
4,United Kingdom,2024,Wind+BESS,0.15,BESS Energy CAPEX,0.0
4,United Kingdom,2024,Wind+BESS,0.15,BESS Power CAPEX,0.0
4,United Kingdom,2024,Wind+BESS,0.15,Augmentation,0.0
4,United Kingdom,2024,Wind+BESS,0.15,Opex,22.593339421613393
4,United Kingdom,2024,Wind+BESS,0.15,Total,82.90443340453254
4,United Kingdom,2030,Wind+BESS,0.15,Wind CAPEX,48.14907244942944
4,United Kingdom,2030,Wind+BESS,0.15,BESS Energy CAPEX,0.0
4,United Kingdom,2030,Wind+BESS,0.15,BESS Power CAPEX,0.0
4,United Kingdom,2030,Wind+BESS,0.15,Augmentation,0.0
4,United Kingdom,2030,Wind+BESS,0.15,Opex,22.593339421613393
4,United Kingdom,2030,Wind+BESS,0.15,Total,70.74241187104283
6,United Kingdom,2024,Wind+BESS,0.2,Wind CAPEX,59.15126525247838
6,United Kingdom,2024,Wind+BESS,0.2,BESS Energy CAPEX,0.0
6,United Kingdom,2024,Wind+BESS,0.2,BESS Power CAPEX,0.0
6,United Kingdom,2024,Wind+BESS,0.2,Augmentation,0.0
6,United Kingdom,2024,Wind+BESS,0.2,Opex,22.1671598173516
6,United Kingdom,2024,Wind+BESS,0.2,Total,81.31842506982998
6,United Kingdom,2030,Wind+BESS,0.2,Wind CAPEX,47.22312874847888
6,United Kingdom,2030,Wind+BESS,0.2,BESS Energy CAPEX,0.0
6,United Kingdom,2030,Wind+BESS,0.2,BESS Power CAPEX,0.0
6,United Kingdom,2030,Wind+BESS,0.2,Augmentation,0.0
6,United Kingdom,2030,Wind+BESS,0.2,Opex,22.1671598173516
6,United Kingdom,2030,Wind+BESS,0.2,Total,69.39028856583047
8,United Kingdom,2024,Wind+BESS,0.25,Wind CAPEX,59.84716249074284
8,United Kingdom,2024,Wind+BESS,0.25,BESS Energy CAPEX,0.0
8,United Kingdom,2024,Wind+BESS,0.25,BESS Power CAPEX,0.0
8,United Kingdom,2024,Wind+BESS,0.25,Augmentation,0.0
8,United Kingdom,2024,Wind+BESS,0.25,Opex,22.422867579908676
8,United Kingdom,2024,Wind+BESS,0.25,Total,82.27003007065152
8,United Kingdom,2030,Wind+BESS,0.25,Wind CAPEX,47.77869496904922
8,United Kingdom,2030,Wind+BESS,0.25,BESS Energy CAPEX,0.0
8,United Kingdom,2030,Wind+BESS,0.25,BESS Power CAPEX,0.0
8,United Kingdom,2030,Wind+BESS,0.25,Augmentation,0.0
8,United Kingdom,2030,Wind+BESS,0.25,Opex,22.422867579908676
8,United Kingdom,2030,Wind+BESS,0.25,Total,70.2015625489579
10,United Kingdom,2024,Wind+BESS,0.3,Wind CAPEX,59.15126525247839
10,United Kingdom,2024,Wind+BESS,0.3,BESS Energy CAPEX,0.0
10,United Kingdom,2024,Wind+BESS,0.3,BESS Power CAPEX,0.0
10,United Kingdom,2024,Wind+BESS,0.3,Augmentation,0.0
10,United Kingdom,2024,Wind+BESS,0.3,Opex,22.167159817351603
10,United Kingdom,2024,Wind+BESS,0.3,Total,81.31842506983
10,United Kingdom,2030,Wind+BESS,0.3,Wind CAPEX,47.223128748478885
10,United Kingdom,2030,Wind+BESS,0.3,BESS Energy CAPEX,0.0
10,United Kingdom,2030,Wind+BESS,0.3,BESS Power CAPEX,0.0
10,United Kingdom,2030,Wind+BESS,0.3,Augmentation,0.0
10,United Kingdom,2030,Wind+BESS,0.3,Opex,22.167159817351603
10,United Kingdom,2030,Wind+BESS,0.3,Total,69.39028856583049
12,United Kingdom,2024,Wind+BESS,0.35,Wind CAPEX,59.648334708381576
12,United Kingdom,2024,Wind+BESS,0.35,BESS Energy CAPEX,0.0
12,United Kingdom,2024,Wind+BESS,0.35,BESS Power CAPEX,0.0
12,United Kingdom,2024,Wind+BESS,0.35,Augmentation,0.0
12,United Kingdom,2024,Wind+BESS,0.35,Opex,22.349808219178087
12,United Kingdom,2024,Wind+BESS,0.35,Total,81.99814292755966
12,United Kingdom,2030,Wind+BESS,0.35,Wind CAPEX,47.61996176317198
12,United Kingdom,2030,Wind+BESS,0.35,BESS Energy CAPEX,0.0
12,United Kingdom,2030,Wind+BESS,0.35,BESS Power CAPEX,0.0
12,United Kingdom,2030,Wind+BESS,0.35,Augmentation,0.0
12,United Kingdom,2030,Wind+BESS,0.35,Opex,22.349808219178087
12,United Kingdom,2030,Wind+BESS,0.35,Total,69.96976998235007
14,United Kingdom,2024,Wind+BESS,0.4,Wind CAPEX,59.15126525247838
14,United Kingdom,2024,Wind+BESS,0.4,BESS Energy CAPEX,0.0
14,United Kingdom,2024,Wind+BESS,0.4,BESS Power CAPEX,0.0
14,United Kingdom,2024,Wind+BESS,0.4,Augmentation,0.0
14,United Kingdom,2024,Wind+BESS,0.4,Opex,22.1671598173516
14,United Kingdom,2024,Wind+BESS,0.4,Total,81.31842506982998
14,United Kingdom,2030,Wind+BESS,0.4,Wind CAPEX,47.22312874847888
14,United Kingdom,2030,Wind+BESS,0.4,BESS Energy CAPEX,0.0
14,United Kingdom,2030,Wind+BESS,0.4,BESS Power CAPEX,0.0
14,United Kingdom,2030,Wind+BESS,0.4,Augmentation,0.0
14,United Kingdom,2030,Wind+BESS,0.4,Opex,22.1671598173516
14,United Kingdom,2030,Wind+BESS,0.4,Total,69.39028856583047
16,United Kingdom,2024,Wind+BESS,0.45,Wind CAPEX,59.537874829291965
16,United Kingdom,2024,Wind+BESS,0.45,BESS Energy CAPEX,0.0
16,United Kingdom,2024,Wind+BESS,0.45,BESS Power CAPEX,0.0
16,United Kingdom,2024,Wind+BESS,0.45,Augmentation,0.0
16,United Kingdom,2024,Wind+BESS,0.45,Opex,22.309219685438865
16,United Kingdom,2024,Wind+BESS,0.45,Total,81.84709451473083
16,United Kingdom,2030,Wind+BESS,0.45,Wind CAPEX,47.53177664879573
16,United Kingdom,2030,Wind+BESS,0.45,BESS Energy CAPEX,0.0
16,United Kingdom,2030,Wind+BESS,0.45,BESS Power CAPEX,0.0
16,United Kingdom,2030,Wind+BESS,0.45,Augmentation,0.0
16,United Kingdom,2030,Wind+BESS,0.45,Opex,22.309219685438865
16,United Kingdom,2030,Wind+BESS,0.45,Total,69.84099633423459
18,United Kingdom,2024,Wind+BESS,0.5,Wind CAPEX,59.15126525247838
18,United Kingdom,2024,Wind+BESS,0.5,BESS Energy CAPEX,0.0
18,United Kingdom,2024,Wind+BESS,0.5,BESS Power CAPEX,0.0
18,United Kingdom,2024,Wind+BESS,0.5,Augmentation,0.0
18,United Kingdom,2024,Wind+BESS,0.5,Opex,22.1671598173516
18,United Kingdom,2024,Wind+BESS,0.5,Total,81.31842506982998
18,United Kingdom,2030,Wind+BESS,0.5,Wind CAPEX,47.22312874847888
18,United Kingdom,2030,Wind+BESS,0.5,BESS Energy CAPEX,0.0
18,United Kingdom,2030,Wind+BESS,0.5,BESS Power CAPEX,0.0
18,United Kingdom,2030,Wind+BESS,0.5,Augmentation,0.0
18,United Kingdom,2030,Wind+BESS,0.5,Opex,22.1671598173516
18,United Kingdom,2030,Wind+BESS,0.5,Total,69.39028856583047
20,United Kingdom,2024,Wind+BESS,0.55,Wind CAPEX,59.46758217896223
20,United Kingdom,2024,Wind+BESS,0.55,BESS Energy CAPEX,0.0
20,United Kingdom,2024,Wind+BESS,0.55,BESS Power CAPEX,0.0
20,United Kingdom,2024,Wind+BESS,0.55,Augmentation,0.0
20,United Kingdom,2024,Wind+BESS,0.55,Opex,22.283390618513906
20,United Kingdom,2024,Wind+BESS,0.55,Total,81.75097279747614
20,United Kingdom,2030,Wind+BESS,0.55,Wind CAPEX,47.47565884873813
20,United Kingdom,2030,Wind+BESS,0.55,BESS Energy CAPEX,0.0
20,United Kingdom,2030,Wind+BESS,0.55,BESS Power CAPEX,0.0
20,United Kingdom,2030,Wind+BESS,0.55,Augmentation,0.0
20,United Kingdom,2030,Wind+BESS,0.55,Opex,22.283390618513906
20,United Kingdom,2030,Wind+BESS,0.55,Total,69.75904946725203
22,United Kingdom,2024,Wind+BESS,0.6,Wind CAPEX,59.15126525247839
22,United Kingdom,2024,Wind+BESS,0.6,BESS Energy CAPEX,0.0
22,United Kingdom,2024,Wind+BESS,0.6,BESS Power CAPEX,0.0
22,United Kingdom,2024,Wind+BESS,0.6,Augmentation,0.0
22,United Kingdom,2024,Wind+BESS,0.6,Opex,22.167159817351603
22,United Kingdom,2024,Wind+BESS,0.6,Total,81.31842506983
22,United Kingdom,2030,Wind+BESS,0.6,Wind CAPEX,47.223128748478885
22,United Kingdom,2030,Wind+BESS,0.6,BESS Energy CAPEX,0.0
22,United Kingdom,2030,Wind+BESS,0.6,BESS Power CAPEX,0.0
22,United Kingdom,2030,Wind+BESS,0.6,Augmentation,0.0
22,United Kingdom,2030,Wind+BESS,0.6,Opex,22.167159817351603
22,United Kingdom,2030,Wind+BESS,0.6,Total,69.39028856583049
24,United Kingdom,2024,Wind+BESS,0.65,Wind CAPEX,61.02483474011345
24,United Kingdom,2024,Wind+BESS,0.65,BESS Energy CAPEX,0.0
24,United Kingdom,2024,Wind+BESS,0.65,BESS Power CAPEX,-0.0
24,United Kingdom,2024,Wind+BESS,0.65,Augmentation,0.0
24,United Kingdom,2024,Wind+BESS,0.65,Opex,22.855603793466805
24,United Kingdom,2024,Wind+BESS,0.65,Total,83.88043853358025
24,United Kingdom,2030,Wind+BESS,0.65,Wind CAPEX,48.718883957706716
24,United Kingdom,2030,Wind+BESS,0.65,BESS Energy CAPEX,0.0
24,United Kingdom,2030,Wind+BESS,0.65,BESS Power CAPEX,-0.0
24,United Kingdom,2030,Wind+BESS,0.65,Augmentation,0.0
24,United Kingdom,2030,Wind+BESS,0.65,Opex,22.855603793466805
24,United Kingdom,2030,Wind+BESS,0.65,Total,71.57448775117352
26,United Kingdom,2024,Wind+BESS,0.7,Wind CAPEX,64.61902926741337
26,United Kingdom,2024,Wind+BESS,0.7,BESS Energy CAPEX,0.3028816170569371
26,United Kingdom,2024,Wind+BESS,0.7,BESS Power CAPEX,0.10841036738878686
26,United Kingdom,2024,Wind+BESS,0.7,Augmentation,0.003253876014164596
26,United Kingdom,2024,Wind+BESS,0.7,Opex,24.19374168297457
26,United Kingdom,2024,Wind+BESS,0.7,Total,89.22731681084784
26,United Kingdom,2030,Wind+BESS,0.7,Wind CAPEX,51.58829191010299
26,United Kingdom,2030,Wind+BESS,0.7,BESS Energy CAPEX,0.2845443166505672
26,United Kingdom,2030,Wind+BESS,0.7,BESS Power CAPEX,0.047443681135437246
26,United Kingdom,2030,Wind+BESS,0.7,Augmentation,0.003054965485040347
26,United Kingdom,2030,Wind+BESS,0.7,Opex,24.19374168297457
26,United Kingdom,2030,Wind+BESS,0.7,Total,76.1170765563486
28,United Kingdom,2024,Wind+BESS,0.75,Wind CAPEX,67.27006636556365
28,United Kingdom,2024,Wind+BESS,0.75,BESS Energy CAPEX,2.7834210553073953
28,United Kingdom,2024,Wind+BESS,0.75,BESS Power CAPEX,0.7588725717215079
28,United Kingdom,2024,Wind+BESS,0.75,Augmentation,0.0262615435249543
28,United Kingdom,2024,Wind+BESS,0.75,Opex,25.27256316590563
28,United Kingdom,2024,Wind+BESS,0.75,Total,96.11118470202314
28,United Kingdom,2030,Wind+BESS,0.75,Wind CAPEX,53.70473465513284
28,United Kingdom,2030,Wind+BESS,0.75,BESS Energy CAPEX,2.61490495801321
28,United Kingdom,2030,Wind+BESS,0.75,BESS Power CAPEX,0.3321057679480607
28,United Kingdom,2030,Wind+BESS,0.75,Augmentation,0.02465616658513587
28,United Kingdom,2030,Wind+BESS,0.75,Opex,25.27256316590563
28,United Kingdom,2030,Wind+BESS,0.75,Total,81.94896471358487
30,United Kingdom,2024,Wind+BESS,0.8,Wind CAPEX,70.02465960036044
30,United Kingdom,2024,Wind+BESS,0.8,BESS Energy CAPEX,6.484295354327406
30,United Kingdom,2024,Wind+BESS,0.8,BESS Power CAPEX,1.6126042149082043
30,United Kingdom,2024,Wind+BESS,0.8,Augmentation,0.0548667934370087
30,United Kingdom,2024,Wind+BESS,0.8,Opex,26.422154109589048
30,United Kingdom,2024,Wind+BESS,0.8,Total,104.5985800726221
30,United Kingdom,2030,Wind+BESS,0.8,Wind CAPEX,55.903850944890436
30,United Kingdom,2030,Wind+BESS,0.8,BESS Energy CAPEX,6.091717973794014
30,United Kingdom,2030,Wind+BESS,0.8,BESS Power CAPEX,0.705724756889629
30,United Kingdom,2030,Wind+BESS,0.8,Augmentation,0.05151276800198971
30,United Kingdom,2030,Wind+BESS,0.8,Opex,26.422154109589048
30,United Kingdom,2030,Wind+BESS,0.8,Total,89.17496055316512
32,United Kingdom,2024,Wind+BESS,0.85,Wind CAPEX,73.2738856760805
32,United Kingdom,2024,Wind+BESS,0.85,BESS Energy CAPEX,11.563370671195225
32,United Kingdom,2024,Wind+BESS,0.85,BESS Power CAPEX,2.4551759673342906
32,United Kingdom,2024,Wind+BESS,0.85,Augmentation,0.0837698485042522
32,United Kingdom,2024,Wind+BESS,0.85,Opex,27.75170185334408
32,United Kingdom,2024,Wind+BESS,0.85,Total,115.12790401645833
32,United Kingdom,2030,Wind+BESS,0.85,Wind CAPEX,58.49785498946518
32,United Kingdom,2030,Wind+BESS,0.85,BESS Energy CAPEX,10.863291862291966
32,United Kingdom,2030,Wind+BESS,0.85,BESS Power CAPEX,1.07445983747902
32,United Kingdom,2030,Wind+BESS,0.85,Augmentation,0.07864896964528408
32,United Kingdom,2030,Wind+BESS,0.85,Opex,27.75170185334408
32,United Kingdom,2030,Wind+BESS,0.85,Total,98.26595751222555
34,United Kingdom,2024,Wind+BESS,0.9,Wind CAPEX,76.54869620908967
34,United Kingdom,2024,Wind+BESS,0.9,BESS Energy CAPEX,19.720194736706382
34,United Kingdom,2024,Wind+BESS,0.9,BESS Power CAPEX,3.1619690488396155
34,United Kingdom,2024,Wind+BESS,0.9,Augmentation,0.1131281152959786
34,United Kingdom,2024,Wind+BESS,0.9,Opex,29.06879604261796
34,United Kingdom,2024,Wind+BESS,0.9,Total,128.61278415254958
34,United Kingdom,2030,Wind+BESS,0.9,Wind CAPEX,61.11228426273736
34,United Kingdom,2030,Wind+BESS,0.9,BESS Energy CAPEX,18.526278980204328
34,United Kingdom,2030,Wind+BESS,0.9,BESS Power CAPEX,1.3837740331169193
34,United Kingdom,2030,Wind+BESS,0.9,Augmentation,0.10621255576808142
34,United Kingdom,2030,Wind+BESS,0.9,Opex,29.06879604261796
34,United Kingdom,2030,Wind+BESS,0.9,Total,110.19734587444465
36,United Kingdom,2024,Wind+BESS,0.95,Wind CAPEX,87.53654733958103
36,United Kingdom,2024,Wind+BESS,0.95,BESS Energy CAPEX,27.178019392854086
36,United Kingdom,2024,Wind+BESS,0.95,BESS Power CAPEX,3.7544221969379854
36,United Kingdom,2024,Wind+BESS,0.95,Augmentation,0.12584180329969627
36,United Kingdom,2024,Wind+BESS,0.95,Opex,33.201646719538566
36,United Kingdom,2024,Wind+BESS,0.95,Total,151.79647745221135
36,United Kingdom,2030,Wind+BESS,0.95,Wind CAPEX,69.88438248226905
36,United Kingdom,2030,Wind+BESS,0.95,BESS Energy CAPEX,25.5325860684433
36,United Kingdom,2030,Wind+BESS,0.95,BESS Power CAPEX,1.6430495887956684
36,United Kingdom,2030,Wind+BESS,0.95,Augmentation,0.11814905177157181
36,United Kingdom,2030,Wind+BESS,0.95,Opex,33.201646719538566
36,United Kingdom,2030,Wind+BESS,0.95,Total,130.37981391081814
38,United Kingdom,2024,Wind+BESS,1.0,Wind CAPEX,129.7848349363202
38,United Kingdom,2024,Wind+BESS,1.0,BESS Energy CAPEX,67.81125112021516
38,United Kingdom,2024,Wind+BESS,1.0,BESS Power CAPEX,4.629122687501197
38,United Kingdom,2024,Wind+BESS,1.0,Augmentation,0.11111703896324003
38,United Kingdom,2024,Wind+BESS,1.0,Opex,48.866589041095885
38,United Kingdom,2024,Wind+BESS,1.0,Total,251.2029148240957
38,United Kingdom,2030,Wind+BESS,1.0,Wind CAPEX,103.61310013636836
38,United Kingdom,2030,Wind+BESS,1.0,BESS Energy CAPEX,63.70576827577626
38,United Kingdom,2030,Wind+BESS,1.0,BESS Power CAPEX,2.0258451844831704
38,United Kingdom,2030,Wind+BESS,1.0,Augmentation,0.1043244172042415
38,United Kingdom,2030,Wind+BESS,1.0,Opex,48.866589041095885
38,United Kingdom,2030,Wind+BESS,1.0,Total,218.31562705492792
40,United Kingdom,2024,Solar+BESS,0.05,Solar CAPEX,58.62251009420687
40,United Kingdom,2024,Solar+BESS,0.05,BESS Energy CAPEX,0.0
40,United Kingdom,2024,Solar+BESS,0.05,BESS Power CAPEX,0.0
40,United Kingdom,2024,Solar+BESS,0.05,Augmentation,0.0
40,United Kingdom,2024,Solar+BESS,0.05,Opex,6.114648401826483
40,United Kingdom,2024,Solar+BESS,0.05,Total,64.73715849603336
40,United Kingdom,2030,Solar+BESS,0.05,Solar CAPEX,26.346440456226762
40,United Kingdom,2030,Solar+BESS,0.05,BESS Energy CAPEX,0.0
40,United Kingdom,2030,Solar+BESS,0.05,BESS Power CAPEX,0.0
40,United Kingdom,2030,Solar+BESS,0.05,Augmentation,0.0
40,United Kingdom,2030,Solar+BESS,0.05,Opex,6.114648401826483
40,United Kingdom,2030,Solar+BESS,0.05,Total,32.461088858053245
42,United Kingdom,2024,Solar+BESS,0.1,Solar CAPEX,58.62251009420687
42,United Kingdom,2024,Solar+BESS,0.1,BESS Energy CAPEX,0.0
42,United Kingdom,2024,Solar+BESS,0.1,BESS Power CAPEX,0.0
42,United Kingdom,2024,Solar+BESS,0.1,Augmentation,0.0
42,United Kingdom,2024,Solar+BESS,0.1,Opex,6.114648401826483
42,United Kingdom,2024,Solar+BESS,0.1,Total,64.73715849603336
42,United Kingdom,2030,Solar+BESS,0.1,Solar CAPEX,26.346440456226762
42,United Kingdom,2030,Solar+BESS,0.1,BESS Energy CAPEX,0.0
42,United Kingdom,2030,Solar+BESS,0.1,BESS Power CAPEX,0.0
42,United Kingdom,2030,Solar+BESS,0.1,Augmentation,0.0
42,United Kingdom,2030,Solar+BESS,0.1,Opex,6.114648401826483
42,United Kingdom,2030,Solar+BESS,0.1,Total,32.461088858053245
44,United Kingdom,2024,Solar+BESS,0.15,Solar CAPEX,58.62251009420688
44,United Kingdom,2024,Solar+BESS,0.15,BESS Energy CAPEX,0.0
44,United Kingdom,2024,Solar+BESS,0.15,BESS Power CAPEX,0.0
44,United Kingdom,2024,Solar+BESS,0.15,Augmentation,0.0
44,United Kingdom,2024,Solar+BESS,0.15,Opex,6.114648401826483
44,United Kingdom,2024,Solar+BESS,0.15,Total,64.73715849603336
44,United Kingdom,2030,Solar+BESS,0.15,Solar CAPEX,26.346440456226762
44,United Kingdom,2030,Solar+BESS,0.15,BESS Energy CAPEX,0.0
44,United Kingdom,2030,Solar+BESS,0.15,BESS Power CAPEX,0.0
44,United Kingdom,2030,Solar+BESS,0.15,Augmentation,0.0
44,United Kingdom,2030,Solar+BESS,0.15,Opex,6.114648401826483
44,United Kingdom,2030,Solar+BESS,0.15,Total,32.461088858053245
46,United Kingdom,2024,Solar+BESS,0.2,Solar CAPEX,64.02195181341013
46,United Kingdom,2024,Solar+BESS,0.2,BESS Energy CAPEX,0.0
46,United Kingdom,2024,Solar+BESS,0.2,BESS Power CAPEX,0.0
46,United Kingdom,2024,Solar+BESS,0.2,Augmentation,0.0
46,United Kingdom,2024,Solar+BESS,0.2,Opex,6.6380502283105
46,United Kingdom,2024,Solar+BESS,0.2,Total,70.66000204172063
46,United Kingdom,2030,Solar+BESS,0.2,Solar CAPEX,28.773086287721327
46,United Kingdom,2030,Solar+BESS,0.2,BESS Energy CAPEX,0.0
46,United Kingdom,2030,Solar+BESS,0.2,BESS Power CAPEX,0.0
46,United Kingdom,2030,Solar+BESS,0.2,Augmentation,0.0
46,United Kingdom,2030,Solar+BESS,0.2,Opex,6.6380502283105
46,United Kingdom,2030,Solar+BESS,0.2,Total,35.411136516031824
48,United Kingdom,2024,Solar+BESS,0.25,Solar CAPEX,66.02745873768565
48,United Kingdom,2024,Solar+BESS,0.25,BESS Energy CAPEX,5.308926291500374
48,United Kingdom,2024,Solar+BESS,0.25,BESS Power CAPEX,3.642588344263237
48,United Kingdom,2024,Solar+BESS,0.25,Augmentation,0.10558778705082997
48,United Kingdom,2024,Solar+BESS,0.25,Opex,7.418757990867579
48,United Kingdom,2024,Solar+BESS,0.25,Total,82.50331915136766
48,United Kingdom,2030,Solar+BESS,0.25,Solar CAPEX,29.674411882276463
48,United Kingdom,2030,Solar+BESS,0.25,BESS Energy CAPEX,4.987509042119349
48,United Kingdom,2030,Solar+BESS,0.25,BESS Power CAPEX,1.5941076861506913
48,United Kingdom,2030,Solar+BESS,0.25,Augmentation,0.09918106018193479
48,United Kingdom,2030,Solar+BESS,0.25,Opex,7.418757990867579
48,United Kingdom,2030,Solar+BESS,0.25,Total,43.77396766159602
50,United Kingdom,2024,Solar+BESS,0.3,Solar CAPEX,66.07888199215425
50,United Kingdom,2024,Solar+BESS,0.3,BESS Energy CAPEX,10.766158992069506
50,United Kingdom,2024,Solar+BESS,0.3,BESS Power CAPEX,6.703374383539986
50,United Kingdom,2024,Solar+BESS,0.3,Augmentation,0.21280241890761842
50,United Kingdom,2024,Solar+BESS,0.3,Opex,7.916398782343985
50,United Kingdom,2024,Solar+BESS,0.3,Total,91.67761656901534
50,United Kingdom,2030,Solar+BESS,0.3,Solar CAPEX,29.697522794957358
50,United Kingdom,2030,Solar+BESS,0.3,BESS Energy CAPEX,10.11434560841603
50,United Kingdom,2030,Solar+BESS,0.3,BESS Power CAPEX,2.9336009502078695
50,United Kingdom,2030,Solar+BESS,0.3,Augmentation,0.199890253466316
50,United Kingdom,2030,Solar+BESS,0.3,Opex,7.916398782343985
50,United Kingdom,2030,Solar+BESS,0.3,Total,50.861758389391554
52,United Kingdom,2024,Solar+BESS,0.35,Solar CAPEX,66.11561288820326
52,United Kingdom,2024,Solar+BESS,0.35,BESS Energy CAPEX,15.036202087471445
52,United Kingdom,2024,Solar+BESS,0.35,BESS Power CAPEX,8.672829391102947
52,United Kingdom,2024,Solar+BESS,0.35,Augmentation,0.3062602962298228
52,United Kingdom,2024,Solar+BESS,0.35,Opex,8.236957599478147
52,United Kingdom,2024,Solar+BESS,0.35,Total,98.36786226248563
52,United Kingdom,2030,Solar+BESS,0.35,Solar CAPEX,29.714030589729436
52,United Kingdom,2030,Solar+BESS,0.35,BESS Energy CAPEX,14.12586834939906
52,United Kingdom,2030,Solar+BESS,0.35,BESS Power CAPEX,3.7954944908349804
52,United Kingdom,2030,Solar+BESS,0.35,Augmentation,0.2876774077771382
52,United Kingdom,2030,Solar+BESS,0.35,Opex,8.236957599478147
52,United Kingdom,2030,Solar+BESS,0.35,Total,56.16002843721876
54,United Kingdom,2024,Solar+BESS,0.4,Solar CAPEX,66.33599826449723
54,United Kingdom,2024,Solar+BESS,0.4,BESS Energy CAPEX,18.44344990194433
54,United Kingdom,2024,Solar+BESS,0.4,BESS Power CAPEX,10.149920646775167
54,United Kingdom,2024,Solar+BESS,0.4,Augmentation,0.38992197932870687
54,United Kingdom,2024,Solar+BESS,0.4,Opex,8.496069634703195
54,United Kingdom,2024,Solar+BESS,0.4,Total,103.81536042724863
54,United Kingdom,2030,Solar+BESS,0.4,Solar CAPEX,29.81307735836186
54,United Kingdom,2030,Solar+BESS,0.4,BESS Energy CAPEX,17.32683184942578
54,United Kingdom,2030,Solar+BESS,0.4,BESS Power CAPEX,4.441914646305311
54,United Kingdom,2030,Solar+BESS,0.4,Augmentation,0.36626276938110736
54,United Kingdom,2030,Solar+BESS,0.4,Opex,8.496069634703195
54,United Kingdom,2030,Solar+BESS,0.4,Total,60.44415625817726
56,United Kingdom,2024,Solar+BESS,0.45,Solar CAPEX,66.16458741626857
56,United Kingdom,2024,Solar+BESS,0.45,BESS Energy CAPEX,21.646194627520394
56,United Kingdom,2024,Solar+BESS,0.45,BESS Power CAPEX,11.21445022655117
56,United Kingdom,2024,Solar+BESS,0.45,Augmentation,0.4548419586062191
56,United Kingdom,2024,Solar+BESS,0.45,Opex,8.650797564687975
56,United Kingdom,2024,Solar+BESS,0.45,Total,108.13087179363434
56,United Kingdom,2030,Solar+BESS,0.45,Solar CAPEX,29.736040982758855
56,United Kingdom,2030,Solar+BESS,0.45,BESS Energy CAPEX,20.335673449653815
56,United Kingdom,2030,Solar+BESS,0.45,BESS Power CAPEX,4.907785237454674
56,United Kingdom,2030,Solar+BESS,0.45,Augmentation,0.4272436133932397
56,United Kingdom,2030,Solar+BESS,0.45,Opex,8.650797564687975
56,United Kingdom,2030,Solar+BESS,0.45,Total,64.05754084794856
58,United Kingdom,2024,Solar+BESS,0.5,Solar CAPEX,66.18172850109144
58,United Kingdom,2024,Solar+BESS,0.5,BESS Energy CAPEX,24.063662573980825
58,United Kingdom,2024,Solar+BESS,0.5,BESS Power CAPEX,12.141961147544125
58,United Kingdom,2024,Solar+BESS,0.5,Augmentation,0.5152744378860553
58,United Kingdom,2024,Solar+BESS,0.5,Opex,8.801748858447489
58,United Kingdom,2024,Solar+BESS,0.5,Total,111.70437551894992
58,United Kingdom,2030,Solar+BESS,0.5,Solar CAPEX,29.74374462031916
58,United Kingdom,2030,Solar+BESS,0.5,BESS Energy CAPEX,22.606781123781573
58,United Kingdom,2030,Solar+BESS,0.5,BESS Power CAPEX,5.313692287168971
58,United Kingdom,2030,Solar+BESS,0.5,Augmentation,0.4840092444553963
58,United Kingdom,2030,Solar+BESS,0.5,Opex,8.801748858447489
58,United Kingdom,2030,Solar+BESS,0.5,Total,66.94997613417259
60,United Kingdom,2024,Solar+BESS,0.55,Solar CAPEX,66.75673398287674
60,United Kingdom,2024,Solar+BESS,0.55,BESS Energy CAPEX,25.786830107103544
60,United Kingdom,2024,Solar+BESS,0.55,BESS Power CAPEX,12.969822134876678
60,United Kingdom,2024,Solar+BESS,0.55,Augmentation,0.5710342854680293
60,United Kingdom,2024,Solar+BESS,0.55,Opex,8.99073806558738
60,United Kingdom,2024,Solar+BESS,0.55,Total,115.07515857591237
60,United Kingdom,2030,Solar+BESS,0.55,Solar CAPEX,30.002166643932867
60,United Kingdom,2030,Solar+BESS,0.55,BESS Energy CAPEX,24.225623273896854
60,United Kingdom,2030,Solar+BESS,0.55,BESS Power CAPEX,5.675989488566855
60,United Kingdom,2030,Solar+BESS,0.55,Augmentation,0.5363857640627345
60,United Kingdom,2030,Solar+BESS,0.55,Opex,8.99073806558738
60,United Kingdom,2030,Solar+BESS,0.55,Total,69.4309032360467
62,United Kingdom,2024,Solar+BESS,0.6,Solar CAPEX,69.42139353261341
62,United Kingdom,2024,Solar+BESS,0.6,BESS Energy CAPEX,25.88309901985369
62,United Kingdom,2024,Solar+BESS,0.6,BESS Power CAPEX,13.722945671963934
62,United Kingdom,2024,Solar+BESS,0.6,Augmentation,0.5487845285991644
62,United Kingdom,2024,Solar+BESS,0.6,Opex,9.370261035007612
62,United Kingdom,2024,Solar+BESS,0.6,Total,118.94648378803781
62,United Kingdom,2030,Solar+BESS,0.6,Solar CAPEX,31.199732119215906
62,United Kingdom,2030,Solar+BESS,0.6,BESS Energy CAPEX,24.23844273159526
62,United Kingdom,2030,Solar+BESS,0.6,BESS Power CAPEX,6.005579303727432
62,United Kingdom,2030,Solar+BESS,0.6,Augmentation,0.5931385505382158
62,United Kingdom,2030,Solar+BESS,0.6,Opex,9.370261035007612
62,United Kingdom,2030,Solar+BESS,0.6,Total,71.40715374008442
64,United Kingdom,2024,Solar+BESS,0.65,Solar CAPEX,73.33747214214544
64,United Kingdom,2024,Solar+BESS,0.65,BESS Energy CAPEX,26.828146992278604
64,United Kingdom,2024,Solar+BESS,0.65,BESS Power CAPEX,14.126704796661915
64,United Kingdom,2024,Solar+BESS,0.65,Augmentation,0.5813834232900436
64,United Kingdom,2024,Solar+BESS,0.65,Opex,9.814859149982436
64,United Kingdom,2024,Solar+BESS,0.65,Total,124.68856650435845
64,United Kingdom,2030,Solar+BESS,0.65,Solar CAPEX,32.95971700799219
64,United Kingdom,2030,Solar+BESS,0.65,BESS Energy CAPEX,25.122115098662338
64,United Kingdom,2030,Solar+BESS,0.65,BESS Power CAPEX,6.1822766033408225
64,United Kingdom,2030,Solar+BESS,0.65,Augmentation,0.6284202004221909
64,United Kingdom,2030,Solar+BESS,0.65,Opex,9.814859149982436
64,United Kingdom,2030,Solar+BESS,0.65,Total,74.70738806039998
66,United Kingdom,2024,Solar+BESS,0.7,Solar CAPEX,78.01642320807984
66,United Kingdom,2024,Solar+BESS,0.7,BESS Energy CAPEX,28.08657624241904
66,United Kingdom,2024,Solar+BESS,0.7,BESS Power CAPEX,15.069041067041368
66,United Kingdom,2024,Solar+BESS,0.7,Augmentation,0.6066440517116767
66,United Kingdom,2024,Solar+BESS,0.7,Opex,10.42009523809524
66,United Kingdom,2024,Solar+BESS,0.7,Total,132.19877980734717
66,United Kingdom,2030,Solar+BESS,0.7,Solar CAPEX,35.06255609588074
66,United Kingdom,2030,Solar+BESS,0.7,BESS Energy CAPEX,26.300731561137248
66,United Kingdom,2030,Solar+BESS,0.7,BESS Power CAPEX,6.594671677825778
66,United Kingdom,2030,Solar+BESS,0.7,Augmentation,0.6557163700314883
66,United Kingdom,2030,Solar+BESS,0.7,Opex,10.42009523809524
66,United Kingdom,2030,Solar+BESS,0.7,Total,79.03377094297049
68,United Kingdom,2024,Solar+BESS,0.75,Solar CAPEX,82.07151413188963
68,United Kingdom,2024,Solar+BESS,0.75,BESS Energy CAPEX,31.49987618300615
68,United Kingdom,2024,Solar+BESS,0.75,BESS Power CAPEX,16.64460507309174
68,United Kingdom,2024,Solar+BESS,0.75,Augmentation,0.7019072411242717
68,United Kingdom,2024,Solar+BESS,0.75,Opex,11.066779299847793
68,United Kingdom,2024,Solar+BESS,0.75,Total,141.98468192895956
68,United Kingdom,2030,Solar+BESS,0.75,Solar CAPEX,36.885016638717474
68,United Kingdom,2030,Solar+BESS,0.75,BESS Energy CAPEX,29.59278555814775
68,United Kingdom,2030,Solar+BESS,0.75,BESS Power CAPEX,7.284186510327465
68,United Kingdom,2030,Solar+BESS,0.75,Augmentation,0.6593177702509204
68,United Kingdom,2030,Solar+BESS,0.75,Opex,11.066779299847793
68,United Kingdom,2030,Solar+BESS,0.75,Total,85.4880857772914
70,United Kingdom,2024,Solar+BESS,0.8,Solar CAPEX,92.17618363497003
70,United Kingdom,2024,Solar+BESS,0.8,BESS Energy CAPEX,33.81487677251833
70,United Kingdom,2024,Solar+BESS,0.8,BESS Power CAPEX,17.880934971188026
70,United Kingdom,2024,Solar+BESS,0.8,Augmentation,0.7086726931726772
70,United Kingdom,2024,Solar+BESS,0.8,Opex,12.245284817351598
70,United Kingdom,2024,Solar+BESS,0.8,Total,156.82595288920066
70,United Kingdom,2030,Solar+BESS,0.8,Solar CAPEX,41.426310980514444
70,United Kingdom,2030,Solar+BESS,0.8,BESS Energy CAPEX,31.76762953576879
70,United Kingdom,2030,Solar+BESS,0.8,BESS Power CAPEX,7.825242157276178
70,United Kingdom,2030,Solar+BESS,0.8,Augmentation,0.6656727164574157
70,United Kingdom,2030,Solar+BESS,0.8,Opex,12.245284817351598
70,United Kingdom,2030,Solar+BESS,0.8,Total,93.93014020736844
72,United Kingdom,2024,Solar+BESS,0.85,Solar CAPEX,106.08314907140532
72,United Kingdom,2024,Solar+BESS,0.85,BESS Energy CAPEX,40.452111339393404
72,United Kingdom,2024,Solar+BESS,0.85,BESS Power CAPEX,19.37357036041967
72,United Kingdom,2024,Solar+BESS,0.85,Augmentation,0.6719826150078735
72,United Kingdom,2024,Solar+BESS,0.85,Opex,13.833625033575071
72,United Kingdom,2024,Solar+BESS,0.85,Total,180.41443841980131
72,United Kingdom,2030,Solar+BESS,0.85,Solar CAPEX,47.67645339524626
72,United Kingdom,2030,Solar+BESS,0.85,BESS Energy CAPEX,38.003027354336176
72,United Kingdom,2030,Solar+BESS,0.85,BESS Power CAPEX,8.478464899379903
72,United Kingdom,2030,Solar+BESS,0.85,Augmentation,0.6312088740739068
72,United Kingdom,2030,Solar+BESS,0.85,Opex,13.833625033575071
72,United Kingdom,2030,Solar+BESS,0.85,Total,108.62277955661132
74,United Kingdom,2024,Solar+BESS,0.9,Solar CAPEX,124.87280293458977
74,United Kingdom,2024,Solar+BESS,0.9,BESS Energy CAPEX,49.00979922437006
74,United Kingdom,2024,Solar+BESS,0.9,BESS Power CAPEX,23.82016683459177
74,United Kingdom,2024,Solar+BESS,0.9,Augmentation,0.6204933191994031
74,United Kingdom,2024,Solar+BESS,0.9,Opex,16.370736681887365
74,United Kingdom,2024,Solar+BESS,0.9,Total,214.69399899463835
74,United Kingdom,2030,Solar+BESS,0.9,Solar CAPEX,56.12099962678712
74,United Kingdom,2030,Solar+BESS,0.9,BESS Energy CAPEX,45.94944262028532
74,United Kingdom,2030,Solar+BESS,0.9,BESS Power CAPEX,10.424431049480793
74,United Kingdom,2030,Solar+BESS,0.9,Augmentation,0.6758689192008572
74,United Kingdom,2030,Solar+BESS,0.9,Opex,16.370736681887365
74,United Kingdom,2030,Solar+BESS,0.9,Total,129.54147889764144
76,United Kingdom,2024,Solar+BESS,0.95,Solar CAPEX,161.65847312682254
76,United Kingdom,2024,Solar+BESS,0.95,BESS Energy CAPEX,63.812360110251845
76,United Kingdom,2024,Solar+BESS,0.95,BESS Power CAPEX,27.67887853700026
76,United Kingdom,2024,Solar+BESS,0.95,Augmentation,0.6335567048517268
76,United Kingdom,2024,Solar+BESS,0.95,Opex,20.557690939677958
76,United Kingdom,2024,Solar+BESS,0.95,Total,274.3409594186043
76,United Kingdom,2030,Solar+BESS,0.95,Solar CAPEX,72.65341128579983
76,United Kingdom,2030,Solar+BESS,0.95,BESS Energy CAPEX,59.94898131443284
76,United Kingdom,2030,Solar+BESS,0.95,BESS Power CAPEX,12.113120904631895
76,United Kingdom,2030,Solar+BESS,0.95,Augmentation,0.5948271715678266
76,United Kingdom,2030,Solar+BESS,0.95,Opex,20.557690939677958
76,United Kingdom,2030,Solar+BESS,0.95,Total,165.8680316161104
78,United Kingdom,2024,Solar+BESS,1.0,Solar CAPEX,244.44044011650212
78,United Kingdom,2024,Solar+BESS,1.0,BESS Energy CAPEX,241.26976300070234
78,United Kingdom,2024,Solar+BESS,1.0,BESS Power CAPEX,30.43079012603246
78,United Kingdom,2024,Solar+BESS,1.0,Augmentation,0.635134164981228
78,United Kingdom,2024,Solar+BESS,1.0,Opex,29.025207762557073
78,United Kingdom,2024,Solar+BESS,1.0,Total,545.8013351707752
78,United Kingdom,2030,Solar+BESS,1.0,Solar CAPEX,109.85772342866133
78,United Kingdom,2030,Solar+BESS,1.0,BESS Energy CAPEX,226.66261659773707
78,United Kingdom,2030,Solar+BESS,1.0,BESS Power CAPEX,13.317441294717234
78,United Kingdom,2030,Solar+BESS,1.0,Augmentation,0.5963082010319719
78,United Kingdom,2030,Solar+BESS,1.0,Opex,29.025207762557073
78,United Kingdom,2030,Solar+BESS,1.0,Total,379.4592972847047
