Result_ID,Country,Year,Tech,Availability,LCOE,Total_Capex,Renewable_Capacity_MW,BESS_Energy_MWh,BESS_Power_MW
0,United Kingdom,2024,Wind+BESS,0.05,86.08,316260.0,0.09,0.0,0.0
0,United Kingdom,2030,Wind+BESS,0.05,73.45,252484.6532740595,0.09,0.0,0.0
2,United Kingdom,2024,Wind+BESS,0.1,81.32,597380.0,0.17,0.0,0.0
2,United Kingdom,2030,Wind+BESS,0.1,69.39,476915.4561843347,0.17,0.0,0.0
4,United Kingdom,2024,Wind+BESS,0.15,82.9,913640.0,0.26,0.0,0.0
4,United Kingdom,2030,Wind+BESS,0.15,70.74,729400.1094583941,0.26,0.0,0.0
6,United Kingdom,2024,Wind+BESS,0.2,81.32,1194760.0,0.34,0.0,0.0
6,United Kingdom,2030,Wind+BESS,0.2,69.39,953830.9123686694,0.34,0.0,0.0
8,United Kingdom,2024,Wind+BESS,0.25,82.27,1511020.0,0.43,0.0,0.0
8,United Kingdom,2030,Wind+BESS,0.25,70.2,1206315.565642729,0.43,0.0,0.0
10,United Kingdom,2024,Wind+BESS,0.3,81.32,1792140.0,0.51,0.0,0.0
10,United Kingdom,2030,Wind+BESS,0.3,69.39,1430746.368553004,0.51,0.0,0.0
12,United Kingdom,2024,Wind+BESS,0.35,82.0,2108400.0,0.6,0.0,0.0
12,United Kingdom,2030,Wind+BESS,0.35,69.97,1683231.0218270633,0.6,0.0,0.0
14,United Kingdom,2024,Wind+BESS,0.4,81.32,2389520.0,0.68,0.0,0.0
14,United Kingdom,2030,Wind+BESS,0.4,69.39,1907661.8247373388,0.68,0.0,0.0
16,United Kingdom,2024,Wind+BESS,0.45,81.85,2705780.0,0.77,0.0,0.0
16,United Kingdom,2030,Wind+BESS,0.45,69.84,2160146.478011398,0.77,0.0,0.0
18,United Kingdom,2024,Wind+BESS,0.5,81.32,2986900.0,0.85,0.0,0.0
18,United Kingdom,2030,Wind+BESS,0.5,69.39,2384577.2809216734,0.85,0.0,0.0
20,United Kingdom,2024,Wind+BESS,0.55,81.75,3303160.0,0.94,0.0,0.0
20,United Kingdom,2030,Wind+BESS,0.55,69.76,2637061.9341957327,0.94,0.0,0.0
22,United Kingdom,2024,Wind+BESS,0.6,81.32,3584280.0,1.02,0.0,0.0
22,United Kingdom,2030,Wind+BESS,0.6,69.39,2861492.737106008,1.02,0.0,0.0
24,United Kingdom,2024,Wind+BESS,0.65,83.88,4005959.9999999995,1.14,0.0,-0.0
24,United Kingdom,2030,Wind+BESS,0.65,71.57,3198138.94147142,1.14,0.0,-0.0
26,United Kingdom,2024,Wind+BESS,0.7,89.23,4597506.048407444,1.3,0.22,0.02
26,United Kingdom,2030,Wind+BESS,0.7,76.12,3670686.190393803,1.3,0.22,0.02
28,United Kingdom,2024,Wind+BESS,0.75,96.11,5365596.435590126,1.45,2.17,0.15
28,United Kingdom,2030,Wind+BESS,0.75,81.95,4292894.067274499,1.45,2.17,0.15
30,United Kingdom,2024,Wind+BESS,0.8,104.6,6316150.045813597,1.61,5.4,0.34
30,United Kingdom,2030,Wind+BESS,0.8,89.17,5070021.255268794,1.61,5.4,0.34
32,United Kingdom,2024,Wind+BESS,0.85,115.13,7500647.0464487765,1.79,10.25,0.55
32,United Kingdom,2030,Wind+BESS,0.85,98.27,6053164.71014574,1.79,10.25,0.55
34,United Kingdom,2024,Wind+BESS,0.9,128.61,9047824.86510844,1.98,18.55,0.75
34,United Kingdom,2030,Wind+BESS,0.9,110.2,7373995.400183838,1.98,18.55,0.75
36,United Kingdom,2024,Wind+BESS,0.95,151.8,11378263.96386507,2.39,27.03,0.94
36,United Kingdom,2030,Wind+BESS,0.95,130.38,9323499.439190703,2.39,27.03,0.94
38,United Kingdom,2024,Wind+BESS,1.0,251.2,20434334.545563083,3.73,71.31,1.22
38,United Kingdom,2030,Wind+BESS,1.0,218.32,17112984.12580646,3.73,71.31,1.22
40,United Kingdom,2024,Solar+BESS,0.05,64.74,296020.0,0.38,0.0,0.0
40,United Kingdom,2030,Solar+BESS,0.05,32.46,133038.88372093023,0.38,0.0,0.0
42,United Kingdom,2024,Solar+BESS,0.1,64.74,592040.0,0.76,0.0,0.0
42,United Kingdom,2030,Solar+BESS,0.1,32.46,266077.76744186046,0.76,0.0,0.0
44,United Kingdom,2024,Solar+BESS,0.15,64.74,888060.0,1.14,0.0,0.0
44,United Kingdom,2030,Solar+BESS,0.15,32.46,399116.6511627906,1.14,0.0,0.0
46,United Kingdom,2024,Solar+BESS,0.2,70.66,1293139.9999999998,1.66,0.0,0.0
46,United Kingdom,2030,Solar+BESS,0.2,35.41,581169.8604651161,1.66,0.0,0.0
48,United Kingdom,2024,Solar+BESS,0.25,82.5,1895733.546637035,2.14,1.36,0.24
48,United Kingdom,2030,Solar+BESS,0.25,43.77,917895.6299751252,2.14,1.36,0.24
50,United Kingdom,2024,Solar+BESS,0.3,91.68,2537761.9261984536,2.57,3.31,0.53
50,United Kingdom,2030,Solar+BESS,0.3,50.86,1301140.3295882924,2.57,3.31,0.53
52,United Kingdom,2024,Solar+BESS,0.35,98.37,3185872.6705539078,3.0,5.39,0.8
52,United Kingdom,2030,Solar+BESS,0.35,56.16,1693945.0706927176,3.0,5.39,0.8
54,United Kingdom,2024,Solar+BESS,0.4,103.82,3850591.3738685404,3.44,7.55,1.07
54,United Kingdom,2030,Solar+BESS,0.4,60.44,2098534.8566710963,3.44,7.55,1.07
56,United Kingdom,2024,Solar+BESS,0.45,108.13,4521007.778980537,3.86,9.97,1.33
56,United Kingdom,2030,Solar+BESS,0.45,64.06,2518035.087258819,3.86,9.97,1.33
58,United Kingdom,2024,Solar+BESS,0.5,111.7,5196167.051716221,4.29,12.31,1.6
58,United Kingdom,2030,Solar+BESS,0.5,66.95,2936250.6331609893,4.29,12.31,1.6
60,United Kingdom,2024,Solar+BESS,0.55,115.08,5892518.26984233,4.76,14.5,1.88
60,United Kingdom,2030,Solar+BESS,0.55,69.43,3357182.6643909193,4.76,14.5,1.88
62,United Kingdom,2024,Solar+BESS,0.6,118.95,6639788.04194345,5.4,15.79,2.17
62,United Kingdom,2030,Solar+BESS,0.6,71.41,3759135.038546553,5.4,15.79,2.17
64,United Kingdom,2024,Solar+BESS,0.65,124.69,7540855.762626856,6.18,17.72,2.42
64,United Kingdom,2030,Solar+BESS,0.65,74.71,4259853.81559909,6.18,17.72,2.42
66,United Kingdom,2024,Solar+BESS,0.7,132.2,8609064.437459711,7.08,19.98,2.78
66,United Kingdom,2030,Solar+BESS,0.7,79.03,4850598.916580688,7.08,19.98,2.78
68,United Kingdom,2024,Solar+BESS,0.75,141.98,9916238.01351848,7.98,24.15,3.29
68,United Kingdom,2030,Solar+BESS,0.75,85.49,5636963.115717019,7.98,24.15,3.29
70,United Kingdom,2024,Solar+BESS,0.8,156.83,11681183.707446378,9.56,27.69,3.77
70,United Kingdom,2030,Solar+BESS,0.8,93.93,6599608.472225363,9.56,27.69,3.77
72,United Kingdom,2024,Solar+BESS,0.85,180.41,14299819.115368834,11.69,35.35,4.34
72,United Kingdom,2030,Solar+BESS,0.85,108.62,8136998.110553353,11.69,35.35,4.34
74,United Kingdom,2024,Solar+BESS,0.9,214.69,18026142.795294564,14.57,45.53,5.65
74,United Kingdom,2030,Solar+BESS,0.9,129.54,10286397.75102919,14.57,45.53,5.65
76,United Kingdom,2024,Solar+BESS,0.95,274.34,24348557.18859023,19.91,62.97,6.93
76,United Kingdom,2030,Solar+BESS,0.95,165.87,13941412.13981346,19.91,62.97,6.93
78,United Kingdom,2024,Solar+BESS,1.0,545.8,52190214.64265071,31.69,253.34,8.02
78,United Kingdom,2030,Solar+BESS,1.0,379.46,35391012.43315658,31.69,253.34,8.02
